N1,heat_pipes:X1,heat,2005-07-01 00:00:00,0.41259006702678
N1,heat_pipes:X1,heat,2005-07-01 01:00:00,0.348547770273924
N1,heat_pipes:X1,heat,2005-07-01 02:00:00,0.35034713103266657
N1,heat_pipes:X1,heat,2005-07-01 03:00:00,0.34985243483899037
N1,heat_pipes:X1,heat,2005-07-01 04:00:00,0.3676459888839519
N1,heat_pipes:X1,heat,2005-07-01 05:00:00,0.6387150293666164
N1,heat_pipes:X1,heat,2005-07-01 06:00:00,0.7830888348856566
N1,heat_pipes:X1,heat,2005-07-01 07:00:00,0.9239565993302716
N1,heat_pipes:X1,heat,2005-07-01 08:00:00,0.9242963310868124
N1,heat_pipes:X1,heat,2005-07-01 09:00:00,0.924248256626622
N1,heat_pipes:X1,heat,2005-07-01 10:00:00,0.7792778299499257
N1,heat_pipes:X1,heat,2005-07-01 11:00:00,0.776895866475788
N1,heat_pipes:X1,heat,2005-07-01 12:00:00,0.7447244417731488
N1,heat_pipes:X1,heat,2005-07-01 13:00:00,0.6575823862143307
N1,heat_pipes:X1,heat,2005-07-01 14:00:00,0.6998132469965902
N1,heat_pipes:X1,heat,2005-07-01 15:00:00,0.9268593749999989
N1,heat_pipes:X1,heat,2005-07-01 16:00:00,0.6961445986266352
N1,heat_pipes:X1,heat,2005-07-01 17:00:00,0.9263816495571752
N1,heat_pipes:X1,heat,2005-07-01 18:00:00,0.9262911438622016
N1,heat_pipes:X1,heat,2005-07-01 19:00:00,0.9265346218162257
N1,heat_pipes:X1,heat,2005-07-01 20:00:00,0.9268593749999989
N1,heat_pipes:X1,heat,2005-07-01 21:00:00,0.816695597000859
N1,heat_pipes:X1,heat,2005-07-01 22:00:00,0.5609978849720608
N1,heat_pipes:X1,heat,2005-07-01 23:00:00,0.41341019336670787
N1,heat_pipes:X1,heat,2005-07-02 00:00:00,0.44180178411893645
N1,heat_pipes:X1,heat,2005-07-02 01:00:00,0.38102997825768115
N1,heat_pipes:X1,heat,2005-07-02 02:00:00,0.3744866161524673
N1,heat_pipes:X1,heat,2005-07-02 03:00:00,0.3813578529649823
N1,heat_pipes:X1,heat,2005-07-02 04:00:00,0.39514003961278443
N1,heat_pipes:X1,heat,2005-07-02 05:00:00,0.5909432317754432
N1,heat_pipes:X1,heat,2005-07-02 06:00:00,0.7562607247752876
N1,heat_pipes:X1,heat,2005-07-02 07:00:00,0.8792367858559653
N1,heat_pipes:X1,heat,2005-07-02 08:00:00,0.8458111480135373
N1,heat_pipes:X1,heat,2005-07-02 09:00:00,0.8105916478511158
N1,heat_pipes:X1,heat,2005-07-02 10:00:00,0.76379570460573
N1,heat_pipes:X1,heat,2005-07-02 11:00:00,0.6234968696803181
N1,heat_pipes:X1,heat,2005-07-02 12:00:00,0.5670332827994959
N1,heat_pipes:X1,heat,2005-07-02 13:00:00,0.5652430561120491
N1,heat_pipes:X1,heat,2005-07-02 14:00:00,0.6533578656402748
N1,heat_pipes:X1,heat,2005-07-02 15:00:00,0.7730529070613018
N1,heat_pipes:X1,heat,2005-07-02 16:00:00,0.6886367128596275
N1,heat_pipes:X1,heat,2005-07-02 17:00:00,0.9263806121766082
N1,heat_pipes:X1,heat,2005-07-02 18:00:00,0.9262883202699593
N1,heat_pipes:X1,heat,2005-07-02 19:00:00,0.9265321313520279
N1,heat_pipes:X1,heat,2005-07-02 20:00:00,0.9268571529157857
N1,heat_pipes:X1,heat,2005-07-02 21:00:00,0.7833618130636688
N1,heat_pipes:X1,heat,2005-07-02 22:00:00,0.5612049042404449
N1,heat_pipes:X1,heat,2005-07-02 23:00:00,0.44613855713233963
N1,heat_pipes:X2,heat,2005-07-01 00:00:00,0.0
N1,heat_pipes:X2,heat,2005-07-01 01:00:00,0.0
N1,heat_pipes:X2,heat,2005-07-01 02:00:00,0.0
N1,heat_pipes:X2,heat,2005-07-01 03:00:00,0.0
N1,heat_pipes:X2,heat,2005-07-01 04:00:00,0.0
N1,heat_pipes:X2,heat,2005-07-01 05:00:00,0.0
N1,heat_pipes:X2,heat,2005-07-01 06:00:00,0.0
N1,heat_pipes:X2,heat,2005-07-01 07:00:00,0.0
N1,heat_pipes:X2,heat,2005-07-01 08:00:00,0.0
N1,heat_pipes:X2,heat,2005-07-01 09:00:00,0.0
N1,heat_pipes:X2,heat,2005-07-01 10:00:00,0.0
N1,heat_pipes:X2,heat,2005-07-01 11:00:00,0.0
N1,heat_pipes:X2,heat,2005-07-01 12:00:00,0.0
N1,heat_pipes:X2,heat,2005-07-01 13:00:00,0.0
N1,heat_pipes:X2,heat,2005-07-01 14:00:00,0.0
N1,heat_pipes:X2,heat,2005-07-01 15:00:00,0.4587741665990954
N1,heat_pipes:X2,heat,2005-07-01 16:00:00,0.0
N1,heat_pipes:X2,heat,2005-07-01 17:00:00,0.0
N1,heat_pipes:X2,heat,2005-07-01 18:00:00,0.0
N1,heat_pipes:X2,heat,2005-07-01 19:00:00,0.0629552786669629
N1,heat_pipes:X2,heat,2005-07-01 20:00:00,0.0
N1,heat_pipes:X2,heat,2005-07-01 21:00:00,0.0
N1,heat_pipes:X2,heat,2005-07-01 22:00:00,0.0
N1,heat_pipes:X2,heat,2005-07-01 23:00:00,0.0
N1,heat_pipes:X2,heat,2005-07-02 00:00:00,0.0
N1,heat_pipes:X2,heat,2005-07-02 01:00:00,0.0
N1,heat_pipes:X2,heat,2005-07-02 02:00:00,0.0
N1,heat_pipes:X2,heat,2005-07-02 03:00:00,0.0
N1,heat_pipes:X2,heat,2005-07-02 04:00:00,0.0
N1,heat_pipes:X2,heat,2005-07-02 05:00:00,0.0
N1,heat_pipes:X2,heat,2005-07-02 06:00:00,0.0
N1,heat_pipes:X2,heat,2005-07-02 07:00:00,0.0
N1,heat_pipes:X2,heat,2005-07-02 08:00:00,0.0
N1,heat_pipes:X2,heat,2005-07-02 09:00:00,0.0
N1,heat_pipes:X2,heat,2005-07-02 10:00:00,0.0
N1,heat_pipes:X2,heat,2005-07-02 11:00:00,0.0
N1,heat_pipes:X2,heat,2005-07-02 12:00:00,0.0
N1,heat_pipes:X2,heat,2005-07-02 13:00:00,0.0
N1,heat_pipes:X2,heat,2005-07-02 14:00:00,0.0
N1,heat_pipes:X2,heat,2005-07-02 15:00:00,0.2688633636731641
N1,heat_pipes:X2,heat,2005-07-02 16:00:00,0.0
N1,heat_pipes:X2,heat,2005-07-02 17:00:00,0.26153653016422557
N1,heat_pipes:X2,heat,2005-07-02 18:00:00,0.0
N1,heat_pipes:X2,heat,2005-07-02 19:00:00,0.07419192109938882
N1,heat_pipes:X2,heat,2005-07-02 20:00:00,0.0
N1,heat_pipes:X2,heat,2005-07-02 21:00:00,0.0
N1,heat_pipes:X2,heat,2005-07-02 22:00:00,0.0
N1,heat_pipes:X2,heat,2005-07-02 23:00:00,0.0
N1,heat_pipes:X3,heat,2005-07-01 00:00:00,0.2136903531644073
N1,heat_pipes:X3,heat,2005-07-01 01:00:00,0.0
N1,heat_pipes:X3,heat,2005-07-01 02:00:00,0.0
N1,heat_pipes:X3,heat,2005-07-01 03:00:00,0.0
N1,heat_pipes:X3,heat,2005-07-01 04:00:00,0.0
N1,heat_pipes:X3,heat,2005-07-01 05:00:00,0.0
N1,heat_pipes:X3,heat,2005-07-01 06:00:00,0.0
N1,heat_pipes:X3,heat,2005-07-01 07:00:00,0.0
N1,heat_pipes:X3,heat,2005-07-01 08:00:00,0.0
N1,heat_pipes:X3,heat,2005-07-01 09:00:00,0.0
N1,heat_pipes:X3,heat,2005-07-01 10:00:00,0.006817931826791088
N1,heat_pipes:X3,heat,2005-07-01 11:00:00,0.5086649748209296
N1,heat_pipes:X3,heat,2005-07-01 12:00:00,0.4793039655397195
N1,heat_pipes:X3,heat,2005-07-01 13:00:00,0.2362398978970188
N1,heat_pipes:X3,heat,2005-07-01 14:00:00,0.28818420310355447
N1,heat_pipes:X3,heat,2005-07-01 15:00:00,0.8132500845964327
N1,heat_pipes:X3,heat,2005-07-01 16:00:00,0.40106522702938757
N1,heat_pipes:X3,heat,2005-07-01 17:00:00,0.7104546348542985
N1,heat_pipes:X3,heat,2005-07-01 18:00:00,0.16209933786226133
N1,heat_pipes:X3,heat,2005-07-01 19:00:00,0.18170853678141102
N1,heat_pipes:X3,heat,2005-07-01 20:00:00,0.1478310790143529
N1,heat_pipes:X3,heat,2005-07-01 21:00:00,0.0
N1,heat_pipes:X3,heat,2005-07-01 22:00:00,0.0
N1,heat_pipes:X3,heat,2005-07-01 23:00:00,0.0
N1,heat_pipes:X3,heat,2005-07-02 00:00:00,0.0275292483859041
N1,heat_pipes:X3,heat,2005-07-02 01:00:00,0.0
N1,heat_pipes:X3,heat,2005-07-02 02:00:00,0.0
N1,heat_pipes:X3,heat,2005-07-02 03:00:00,0.0
N1,heat_pipes:X3,heat,2005-07-02 04:00:00,0.0
N1,heat_pipes:X3,heat,2005-07-02 05:00:00,0.0
N1,heat_pipes:X3,heat,2005-07-02 06:00:00,0.0
N1,heat_pipes:X3,heat,2005-07-02 07:00:00,0.0
N1,heat_pipes:X3,heat,2005-07-02 08:00:00,0.0
N1,heat_pipes:X3,heat,2005-07-02 09:00:00,0.0
N1,heat_pipes:X3,heat,2005-07-02 10:00:00,0.0
N1,heat_pipes:X3,heat,2005-07-02 11:00:00,0.12311895817166255
N1,heat_pipes:X3,heat,2005-07-02 12:00:00,0.0
N1,heat_pipes:X3,heat,2005-07-02 13:00:00,0.0
N1,heat_pipes:X3,heat,2005-07-02 14:00:00,0.2988631395888923
N1,heat_pipes:X3,heat,2005-07-02 15:00:00,0.8166095648746914
N1,heat_pipes:X3,heat,2005-07-02 16:00:00,0.39461402237948817
N1,heat_pipes:X3,heat,2005-07-02 17:00:00,0.6979240806532995
N1,heat_pipes:X3,heat,2005-07-02 18:00:00,0.17600434680477023
N1,heat_pipes:X3,heat,2005-07-02 19:00:00,0.21023159164134766
N1,heat_pipes:X3,heat,2005-07-02 20:00:00,0.1705496028092901
N1,heat_pipes:X3,heat,2005-07-02 21:00:00,0.0
N1,heat_pipes:X3,heat,2005-07-02 22:00:00,0.0
N1,heat_pipes:X3,heat,2005-07-02 23:00:00,0.0
X1,chp,electricity,2005-07-01 00:00:00,0.4448291581501424
X1,chp,electricity,2005-07-01 01:00:00,0.37587320105263233
X1,chp,electricity,2005-07-01 02:00:00,0.3778396454898958
X1,chp,electricity,2005-07-01 03:00:00,0.3778423312721076
X1,chp,electricity,2005-07-01 04:00:00,0.39857108074406566
X1,chp,electricity,2005-07-01 05:00:00,0.6920049075140935
X1,chp,electricity,2005-07-01 06:00:00,0.8479799148459671
X1,chp,electricity,2005-07-01 07:00:00,1.0
X1,chp,electricity,2005-07-01 08:00:00,1.0
X1,chp,electricity,2005-07-01 09:00:00,1.0
X1,chp,electricity,2005-07-01 10:00:00,0.8417476886410329
X1,chp,electricity,2005-07-01 11:00:00,0.8384002509254246
X1,chp,electricity,2005-07-01 12:00:00,0.803588476030147
X1,chp,electricity,2005-07-01 13:00:00,0.7096576221636371
X1,chp,electricity,2005-07-01 14:00:00,0.7551018710242674
X1,chp,electricity,2005-07-01 15:00:00,0.8769736393476477
X1,chp,electricity,2005-07-01 16:00:00,0.7518736711412451
X1,chp,electricity,2005-07-01 17:00:00,1.0
X1,chp,electricity,2005-07-01 18:00:00,1.0
X1,chp,electricity,2005-07-01 19:00:00,1.0
X1,chp,electricity,2005-07-01 20:00:00,1.0
X1,chp,electricity,2005-07-01 21:00:00,0.8809750056484716
X1,chp,electricity,2005-07-01 22:00:00,0.605351446410001
X1,chp,electricity,2005-07-01 23:00:00,0.44598284684423134
X1,chp,electricity,2005-07-02 00:00:00,0.4762559775524765
X1,chp,electricity,2005-07-02 01:00:00,0.4108251719887007
X1,chp,electricity,2005-07-02 02:00:00,0.4047341272562779
X1,chp,electricity,2005-07-02 03:00:00,0.4138014883886042
X1,chp,electricity,2005-07-02 04:00:00,0.4305014932170589
X1,chp,electricity,2005-07-02 05:00:00,0.6438786929590667
X1,chp,electricity,2005-07-02 06:00:00,0.8213334525416589
X1,chp,electricity,2005-07-02 07:00:00,0.953318258149555
X1,chp,electricity,2005-07-02 08:00:00,0.916389568826659
X1,chp,electricity,2005-07-02 09:00:00,0.8783025074897668
X1,chp,electricity,2005-07-02 10:00:00,0.8251997955228956
X1,chp,electricity,2005-07-02 11:00:00,0.6733972061639094
X1,chp,electricity,2005-07-02 12:00:00,0.6124549216786969
X1,chp,electricity,2005-07-02 13:00:00,0.6103301365810762
X1,chp,electricity,2005-07-02 14:00:00,0.7051288627179013
X1,chp,electricity,2005-07-02 15:00:00,0.8341119480780582
X1,chp,electricity,2005-07-02 16:00:00,0.7437966361024347
X1,chp,electricity,2005-07-02 17:00:00,1.0
X1,chp,electricity,2005-07-02 18:00:00,1.0
X1,chp,electricity,2005-07-02 19:00:00,1.0
X1,chp,electricity,2005-07-02 20:00:00,1.0
X1,chp,electricity,2005-07-02 21:00:00,0.845122225522721
X1,chp,electricity,2005-07-02 22:00:00,0.6055730500367688
X1,chp,electricity,2005-07-02 23:00:00,0.4811866144133895
X1,chp,heat,2005-07-01 00:00:00,0.3558633265201151
X1,chp,heat,2005-07-01 01:00:00,0.300698560842106
X1,chp,heat,2005-07-01 02:00:00,0.3022717163919167
X1,chp,heat,2005-07-01 03:00:00,0.3022738650176861
X1,chp,heat,2005-07-01 04:00:00,0.31885686459525175
X1,chp,heat,2005-07-01 05:00:00,0.5536039260112772
X1,chp,heat,2005-07-01 06:00:00,0.678383931876776
X1,chp,heat,2005-07-01 07:00:00,0.8000000000000023
X1,chp,heat,2005-07-01 08:00:00,0.8000000000000023
X1,chp,heat,2005-07-01 09:00:00,0.8000000000000023
X1,chp,heat,2005-07-01 10:00:00,0.6733981509128248
X1,chp,heat,2005-07-01 11:00:00,0.6707202007403397
X1,chp,heat,2005-07-01 12:00:00,0.6428707808241169
X1,chp,heat,2005-07-01 13:00:00,0.5677260977309089
X1,chp,heat,2005-07-01 14:00:00,0.6040814968194154
X1,chp,heat,2005-07-01 15:00:00,0.7015789114781174
X1,chp,heat,2005-07-01 16:00:00,0.6014989369129938
X1,chp,heat,2005-07-01 17:00:00,0.8000000000000023
X1,chp,heat,2005-07-01 18:00:00,0.8000000000000023
X1,chp,heat,2005-07-01 19:00:00,0.8000000000000023
X1,chp,heat,2005-07-01 20:00:00,0.8000000000000023
X1,chp,heat,2005-07-01 21:00:00,0.7047800045187758
X1,chp,heat,2005-07-01 22:00:00,0.48428115712800235
X1,chp,heat,2005-07-01 23:00:00,0.3567862774753839
X1,chp,heat,2005-07-02 00:00:00,0.38100478204198235
X1,chp,heat,2005-07-02 01:00:00,0.3286601375909606
X1,chp,heat,2005-07-02 02:00:00,0.3237873018050216
X1,chp,heat,2005-07-02 03:00:00,0.33104119071088217
X1,chp,heat,2005-07-02 04:00:00,0.34440119457364826
X1,chp,heat,2005-07-02 05:00:00,0.5151029543672542
X1,chp,heat,2005-07-02 06:00:00,0.6570667620333248
X1,chp,heat,2005-07-02 07:00:00,0.762654606519644
X1,chp,heat,2005-07-02 08:00:00,0.7331116550613256
X1,chp,heat,2005-07-02 09:00:00,0.7026420059918149
X1,chp,heat,2005-07-02 10:00:00,0.6601598364183141
X1,chp,heat,2005-07-02 11:00:00,0.5387177649311291
X1,chp,heat,2005-07-02 12:00:00,0.48996393734295446
X1,chp,heat,2005-07-02 13:00:00,0.4882641092648617
X1,chp,heat,2005-07-02 14:00:00,0.564103090174321
X1,chp,heat,2005-07-02 15:00:00,0.6672895584624459
X1,chp,heat,2005-07-02 16:00:00,0.5950373088819478
X1,chp,heat,2005-07-02 17:00:00,0.8000000000000023
X1,chp,heat,2005-07-02 18:00:00,0.8000000000000023
X1,chp,heat,2005-07-02 19:00:00,0.8000000000000023
X1,chp,heat,2005-07-02 20:00:00,0.8000000000000023
X1,chp,heat,2005-07-02 21:00:00,0.6760977804181776
X1,chp,heat,2005-07-02 22:00:00,0.48445844002941585
X1,chp,heat,2005-07-02 23:00:00,0.3849492915307131
X1,heat_pipes:N1,heat,2005-07-01 00:00:00,0.0
X1,heat_pipes:N1,heat,2005-07-01 01:00:00,0.0
X1,heat_pipes:N1,heat,2005-07-01 02:00:00,0.0
X1,heat_pipes:N1,heat,2005-07-01 03:00:00,0.0
X1,heat_pipes:N1,heat,2005-07-01 04:00:00,0.0
X1,heat_pipes:N1,heat,2005-07-01 05:00:00,0.0
X1,heat_pipes:N1,heat,2005-07-01 06:00:00,0.0
X1,heat_pipes:N1,heat,2005-07-01 07:00:00,0.0
X1,heat_pipes:N1,heat,2005-07-01 08:00:00,0.0
X1,heat_pipes:N1,heat,2005-07-01 09:00:00,0.0
X1,heat_pipes:N1,heat,2005-07-01 10:00:00,0.0
X1,heat_pipes:N1,heat,2005-07-01 11:00:00,0.0
X1,heat_pipes:N1,heat,2005-07-01 12:00:00,0.0
X1,heat_pipes:N1,heat,2005-07-01 13:00:00,0.0
X1,heat_pipes:N1,heat,2005-07-01 14:00:00,0.0
X1,heat_pipes:N1,heat,2005-07-01 15:00:00,0.12294947264588311
X1,heat_pipes:N1,heat,2005-07-01 16:00:00,0.0
X1,heat_pipes:N1,heat,2005-07-01 17:00:00,0.0
X1,heat_pipes:N1,heat,2005-07-01 18:00:00,0.0
X1,heat_pipes:N1,heat,2005-07-01 19:00:00,0.0
X1,heat_pipes:N1,heat,2005-07-01 20:00:00,0.0
X1,heat_pipes:N1,heat,2005-07-01 21:00:00,0.0
X1,heat_pipes:N1,heat,2005-07-01 22:00:00,0.0
X1,heat_pipes:N1,heat,2005-07-01 23:00:00,0.0
X1,heat_pipes:N1,heat,2005-07-02 00:00:00,0.0
X1,heat_pipes:N1,heat,2005-07-02 01:00:00,0.0
X1,heat_pipes:N1,heat,2005-07-02 02:00:00,0.0
X1,heat_pipes:N1,heat,2005-07-02 03:00:00,0.0
X1,heat_pipes:N1,heat,2005-07-02 04:00:00,0.0
X1,heat_pipes:N1,heat,2005-07-02 05:00:00,0.0
X1,heat_pipes:N1,heat,2005-07-02 06:00:00,0.0
X1,heat_pipes:N1,heat,2005-07-02 07:00:00,0.0
X1,heat_pipes:N1,heat,2005-07-02 08:00:00,0.0
X1,heat_pipes:N1,heat,2005-07-02 09:00:00,0.0
X1,heat_pipes:N1,heat,2005-07-02 10:00:00,0.0
X1,heat_pipes:N1,heat,2005-07-02 11:00:00,0.0
X1,heat_pipes:N1,heat,2005-07-02 12:00:00,0.0
X1,heat_pipes:N1,heat,2005-07-02 13:00:00,0.0
X1,heat_pipes:N1,heat,2005-07-02 14:00:00,0.0
X1,heat_pipes:N1,heat,2005-07-02 15:00:00,0.0
X1,heat_pipes:N1,heat,2005-07-02 16:00:00,0.0
X1,heat_pipes:N1,heat,2005-07-02 17:00:00,0.0
X1,heat_pipes:N1,heat,2005-07-02 18:00:00,0.0
X1,heat_pipes:N1,heat,2005-07-02 19:00:00,0.0
X1,heat_pipes:N1,heat,2005-07-02 20:00:00,0.0
X1,heat_pipes:N1,heat,2005-07-02 21:00:00,0.0
X1,heat_pipes:N1,heat,2005-07-02 22:00:00,0.0
X1,heat_pipes:N1,heat,2005-07-02 23:00:00,0.0
X1,power_lines:X2,electricity,2005-07-01 00:00:00,0.0
X1,power_lines:X2,electricity,2005-07-01 01:00:00,0.0
X1,power_lines:X2,electricity,2005-07-01 02:00:00,0.0
X1,power_lines:X2,electricity,2005-07-01 03:00:00,0.0
X1,power_lines:X2,electricity,2005-07-01 04:00:00,0.0
X1,power_lines:X2,electricity,2005-07-01 05:00:00,0.0
X1,power_lines:X2,electricity,2005-07-01 06:00:00,0.0
X1,power_lines:X2,electricity,2005-07-01 07:00:00,0.0
X1,power_lines:X2,electricity,2005-07-01 08:00:00,0.0
X1,power_lines:X2,electricity,2005-07-01 09:00:00,0.0
X1,power_lines:X2,electricity,2005-07-01 10:00:00,0.0
X1,power_lines:X2,electricity,2005-07-01 11:00:00,0.0
X1,power_lines:X2,electricity,2005-07-01 12:00:00,0.0
X1,power_lines:X2,electricity,2005-07-01 13:00:00,0.0
X1,power_lines:X2,electricity,2005-07-01 14:00:00,0.0
X1,power_lines:X2,electricity,2005-07-01 15:00:00,0.0
X1,power_lines:X2,electricity,2005-07-01 16:00:00,0.0
X1,power_lines:X2,electricity,2005-07-01 17:00:00,0.0
X1,power_lines:X2,electricity,2005-07-01 18:00:00,0.0
X1,power_lines:X2,electricity,2005-07-01 19:00:00,0.0
X1,power_lines:X2,electricity,2005-07-01 20:00:00,0.0
X1,power_lines:X2,electricity,2005-07-01 21:00:00,0.0
X1,power_lines:X2,electricity,2005-07-01 22:00:00,0.0
X1,power_lines:X2,electricity,2005-07-01 23:00:00,0.0
X1,power_lines:X2,electricity,2005-07-02 00:00:00,0.0
X1,power_lines:X2,electricity,2005-07-02 01:00:00,0.0
X1,power_lines:X2,electricity,2005-07-02 02:00:00,0.0
X1,power_lines:X2,electricity,2005-07-02 03:00:00,0.0
X1,power_lines:X2,electricity,2005-07-02 04:00:00,0.0
X1,power_lines:X2,electricity,2005-07-02 05:00:00,0.0
X1,power_lines:X2,electricity,2005-07-02 06:00:00,0.0
X1,power_lines:X2,electricity,2005-07-02 07:00:00,0.0
X1,power_lines:X2,electricity,2005-07-02 08:00:00,0.0
X1,power_lines:X2,electricity,2005-07-02 09:00:00,0.0
X1,power_lines:X2,electricity,2005-07-02 10:00:00,0.0
X1,power_lines:X2,electricity,2005-07-02 11:00:00,0.0
X1,power_lines:X2,electricity,2005-07-02 12:00:00,0.0
X1,power_lines:X2,electricity,2005-07-02 13:00:00,0.0
X1,power_lines:X2,electricity,2005-07-02 14:00:00,0.0
X1,power_lines:X2,electricity,2005-07-02 15:00:00,0.0
X1,power_lines:X2,electricity,2005-07-02 16:00:00,0.0
X1,power_lines:X2,electricity,2005-07-02 17:00:00,0.0
X1,power_lines:X2,electricity,2005-07-02 18:00:00,0.0
X1,power_lines:X2,electricity,2005-07-02 19:00:00,0.0
X1,power_lines:X2,electricity,2005-07-02 20:00:00,0.0
X1,power_lines:X2,electricity,2005-07-02 21:00:00,0.0
X1,power_lines:X2,electricity,2005-07-02 22:00:00,0.0
X1,power_lines:X2,electricity,2005-07-02 23:00:00,0.0
X1,power_lines:X3,electricity,2005-07-01 00:00:00,0.0
X1,power_lines:X3,electricity,2005-07-01 01:00:00,0.0
X1,power_lines:X3,electricity,2005-07-01 02:00:00,0.0
X1,power_lines:X3,electricity,2005-07-01 03:00:00,0.0
X1,power_lines:X3,electricity,2005-07-01 04:00:00,0.0
X1,power_lines:X3,electricity,2005-07-01 05:00:00,0.0
X1,power_lines:X3,electricity,2005-07-01 06:00:00,0.0
X1,power_lines:X3,electricity,2005-07-01 07:00:00,0.0
X1,power_lines:X3,electricity,2005-07-01 08:00:00,0.0
X1,power_lines:X3,electricity,2005-07-01 09:00:00,0.0
X1,power_lines:X3,electricity,2005-07-01 10:00:00,0.0
X1,power_lines:X3,electricity,2005-07-01 11:00:00,0.0
X1,power_lines:X3,electricity,2005-07-01 12:00:00,0.0
X1,power_lines:X3,electricity,2005-07-01 13:00:00,0.0
X1,power_lines:X3,electricity,2005-07-01 14:00:00,0.0
X1,power_lines:X3,electricity,2005-07-01 15:00:00,0.0
X1,power_lines:X3,electricity,2005-07-01 16:00:00,0.0
X1,power_lines:X3,electricity,2005-07-01 17:00:00,0.0
X1,power_lines:X3,electricity,2005-07-01 18:00:00,0.0
X1,power_lines:X3,electricity,2005-07-01 19:00:00,0.0
X1,power_lines:X3,electricity,2005-07-01 20:00:00,0.0
X1,power_lines:X3,electricity,2005-07-01 21:00:00,0.0
X1,power_lines:X3,electricity,2005-07-01 22:00:00,0.0
X1,power_lines:X3,electricity,2005-07-01 23:00:00,0.0
X1,power_lines:X3,electricity,2005-07-02 00:00:00,0.0
X1,power_lines:X3,electricity,2005-07-02 01:00:00,0.0
X1,power_lines:X3,electricity,2005-07-02 02:00:00,0.0
X1,power_lines:X3,electricity,2005-07-02 03:00:00,0.0
X1,power_lines:X3,electricity,2005-07-02 04:00:00,0.0
X1,power_lines:X3,electricity,2005-07-02 05:00:00,0.0
X1,power_lines:X3,electricity,2005-07-02 06:00:00,0.0
X1,power_lines:X3,electricity,2005-07-02 07:00:00,0.0
X1,power_lines:X3,electricity,2005-07-02 08:00:00,0.03231651146510265
X1,power_lines:X3,electricity,2005-07-02 09:00:00,0.17242863788822738
X1,power_lines:X3,electricity,2005-07-02 10:00:00,0.2834265598627065
X1,power_lines:X3,electricity,2005-07-02 11:00:00,0.3070818493850481
X1,power_lines:X3,electricity,2005-07-02 12:00:00,0.25340253095239884
X1,power_lines:X3,electricity,2005-07-02 13:00:00,0.11874931945557851
X1,power_lines:X3,electricity,2005-07-02 14:00:00,0.0
X1,power_lines:X3,electricity,2005-07-02 15:00:00,0.0
X1,power_lines:X3,electricity,2005-07-02 16:00:00,0.0
X1,power_lines:X3,electricity,2005-07-02 17:00:00,0.0
X1,power_lines:X3,electricity,2005-07-02 18:00:00,0.0
X1,power_lines:X3,electricity,2005-07-02 19:00:00,0.0
X1,power_lines:X3,electricity,2005-07-02 20:00:00,0.0
X1,power_lines:X3,electricity,2005-07-02 21:00:00,0.0
X1,power_lines:X3,electricity,2005-07-02 22:00:00,0.0
X1,power_lines:X3,electricity,2005-07-02 23:00:00,0.0
X1,pv,electricity,2005-07-01 00:00:00,0.0
X1,pv,electricity,2005-07-01 01:00:00,0.0
X1,pv,electricity,2005-07-01 02:00:00,0.0
X1,pv,electricity,2005-07-01 03:00:00,0.0
X1,pv,electricity,2005-07-01 04:00:00,0.0
X1,pv,electricity,2005-07-01 05:00:00,0.0
X1,pv,electricity,2005-07-01 06:00:00,0.0
X1,pv,electricity,2005-07-01 07:00:00,0.0
X1,pv,electricity,2005-07-01 08:00:00,0.0
X1,pv,electricity,2005-07-01 09:00:00,0.0
X1,pv,electricity,2005-07-01 10:00:00,0.0
X1,pv,electricity,2005-07-01 11:00:00,0.0
X1,pv,electricity,2005-07-01 12:00:00,0.0
X1,pv,electricity,2005-07-01 13:00:00,0.0
X1,pv,electricity,2005-07-01 14:00:00,0.0
X1,pv,electricity,2005-07-01 15:00:00,0.0
X1,pv,electricity,2005-07-01 16:00:00,0.0
X1,pv,electricity,2005-07-01 17:00:00,0.0
X1,pv,electricity,2005-07-01 18:00:00,0.0
X1,pv,electricity,2005-07-01 19:00:00,0.0
X1,pv,electricity,2005-07-01 20:00:00,0.0
X1,pv,electricity,2005-07-01 21:00:00,0.0
X1,pv,electricity,2005-07-01 22:00:00,0.0
X1,pv,electricity,2005-07-01 23:00:00,0.0
X1,pv,electricity,2005-07-02 00:00:00,0.0
X1,pv,electricity,2005-07-02 01:00:00,0.0
X1,pv,electricity,2005-07-02 02:00:00,0.0
X1,pv,electricity,2005-07-02 03:00:00,0.0
X1,pv,electricity,2005-07-02 04:00:00,0.0
X1,pv,electricity,2005-07-02 05:00:00,0.0
X1,pv,electricity,2005-07-02 06:00:00,0.0
X1,pv,electricity,2005-07-02 07:00:00,0.0
X1,pv,electricity,2005-07-02 08:00:00,0.0
X1,pv,electricity,2005-07-02 09:00:00,0.0
X1,pv,electricity,2005-07-02 10:00:00,0.0
X1,pv,electricity,2005-07-02 11:00:00,0.0
X1,pv,electricity,2005-07-02 12:00:00,0.0
X1,pv,electricity,2005-07-02 13:00:00,0.0
X1,pv,electricity,2005-07-02 14:00:00,0.0
X1,pv,electricity,2005-07-02 15:00:00,0.0
X1,pv,electricity,2005-07-02 16:00:00,0.0
X1,pv,electricity,2005-07-02 17:00:00,0.0
X1,pv,electricity,2005-07-02 18:00:00,0.0
X1,pv,electricity,2005-07-02 19:00:00,0.0
X1,pv,electricity,2005-07-02 20:00:00,0.0
X1,pv,electricity,2005-07-02 21:00:00,0.0
X1,pv,electricity,2005-07-02 22:00:00,0.0
X1,pv,electricity,2005-07-02 23:00:00,0.0
X1,supply_gas,gas,2005-07-01 00:00:00,0.4448291581501427
X1,supply_gas,gas,2005-07-01 01:00:00,0.37587320105263133
X1,supply_gas,gas,2005-07-01 02:00:00,0.3778396454898948
X1,supply_gas,gas,2005-07-01 03:00:00,0.37784233127210715
X1,supply_gas,gas,2005-07-01 04:00:00,0.39857108074406367
X1,supply_gas,gas,2005-07-01 05:00:00,0.6920049075140944
X1,supply_gas,gas,2005-07-01 06:00:00,0.8479799148459684
X1,supply_gas,gas,2005-07-01 07:00:00,1.0
X1,supply_gas,gas,2005-07-01 08:00:00,1.0
X1,supply_gas,gas,2005-07-01 09:00:00,1.0
X1,supply_gas,gas,2005-07-01 10:00:00,0.8417476886410318
X1,supply_gas,gas,2005-07-01 11:00:00,0.8384002509254215
X1,supply_gas,gas,2005-07-01 12:00:00,0.8035884760301447
X1,supply_gas,gas,2005-07-01 13:00:00,0.7096576221636381
X1,supply_gas,gas,2005-07-01 14:00:00,0.7551018710242655
X1,supply_gas,gas,2005-07-01 15:00:00,0.8769736393476464
X1,supply_gas,gas,2005-07-01 16:00:00,0.7518736711412439
X1,supply_gas,gas,2005-07-01 17:00:00,1.0
X1,supply_gas,gas,2005-07-01 18:00:00,1.0
X1,supply_gas,gas,2005-07-01 19:00:00,1.0
X1,supply_gas,gas,2005-07-01 20:00:00,1.0
X1,supply_gas,gas,2005-07-01 21:00:00,0.8809750056484692
X1,supply_gas,gas,2005-07-01 22:00:00,0.6053514464100007
X1,supply_gas,gas,2005-07-01 23:00:00,0.4459828468442295
X1,supply_gas,gas,2005-07-02 00:00:00,0.4762559775524779
X1,supply_gas,gas,2005-07-02 01:00:00,0.4108251719887006
X1,supply_gas,gas,2005-07-02 02:00:00,0.4047341272562765
X1,supply_gas,gas,2005-07-02 03:00:00,0.4138014883886016
X1,supply_gas,gas,2005-07-02 04:00:00,0.4305014932170603
X1,supply_gas,gas,2005-07-02 05:00:00,0.6438786929590663
X1,supply_gas,gas,2005-07-02 06:00:00,0.8213334525416567
X1,supply_gas,gas,2005-07-02 07:00:00,0.9533182581495547
X1,supply_gas,gas,2005-07-02 08:00:00,0.9163895688266573
X1,supply_gas,gas,2005-07-02 09:00:00,0.8783025074897672
X1,supply_gas,gas,2005-07-02 10:00:00,0.8251997955228927
X1,supply_gas,gas,2005-07-02 11:00:00,0.6733972061639086
X1,supply_gas,gas,2005-07-02 12:00:00,0.6124549216786943
X1,supply_gas,gas,2005-07-02 13:00:00,0.6103301365810762
X1,supply_gas,gas,2005-07-02 14:00:00,0.7051288627178998
X1,supply_gas,gas,2005-07-02 15:00:00,0.8341119480780561
X1,supply_gas,gas,2005-07-02 16:00:00,0.7437966361024333
X1,supply_gas,gas,2005-07-02 17:00:00,1.0
X1,supply_gas,gas,2005-07-02 18:00:00,1.0
X1,supply_gas,gas,2005-07-02 19:00:00,1.0
X1,supply_gas,gas,2005-07-02 20:00:00,1.0
X1,supply_gas,gas,2005-07-02 21:00:00,0.8451222255227193
X1,supply_gas,gas,2005-07-02 22:00:00,0.6055730500367688
X1,supply_gas,gas,2005-07-02 23:00:00,0.48118661441338945
X1,supply_grid_power,electricity,2005-07-01 00:00:00,0.0
X1,supply_grid_power,electricity,2005-07-01 01:00:00,0.0
X1,supply_grid_power,electricity,2005-07-01 02:00:00,0.0
X1,supply_grid_power,electricity,2005-07-01 03:00:00,0.0
X1,supply_grid_power,electricity,2005-07-01 04:00:00,0.0
X1,supply_grid_power,electricity,2005-07-01 05:00:00,0.0
X1,supply_grid_power,electricity,2005-07-01 06:00:00,0.0
X1,supply_grid_power,electricity,2005-07-01 07:00:00,0.23175954094914203
X1,supply_grid_power,electricity,2005-07-01 08:00:00,0.0
X1,supply_grid_power,electricity,2005-07-01 09:00:00,0.0
X1,supply_grid_power,electricity,2005-07-01 10:00:00,0.0
X1,supply_grid_power,electricity,2005-07-01 11:00:00,0.0
X1,supply_grid_power,electricity,2005-07-01 12:00:00,0.0
X1,supply_grid_power,electricity,2005-07-01 13:00:00,0.0
X1,supply_grid_power,electricity,2005-07-01 14:00:00,0.0
X1,supply_grid_power,electricity,2005-07-01 15:00:00,0.0
X1,supply_grid_power,electricity,2005-07-01 16:00:00,0.0
X1,supply_grid_power,electricity,2005-07-01 17:00:00,0.24794986227829477
X1,supply_grid_power,electricity,2005-07-01 18:00:00,0.2645474888585378
X1,supply_grid_power,electricity,2005-07-01 19:00:00,0.7762576846919435
X1,supply_grid_power,electricity,2005-07-01 20:00:00,0.5743193168927384
X1,supply_grid_power,electricity,2005-07-01 21:00:00,0.0
X1,supply_grid_power,electricity,2005-07-01 22:00:00,0.0
X1,supply_grid_power,electricity,2005-07-01 23:00:00,0.0
X1,supply_grid_power,electricity,2005-07-02 00:00:00,0.0
X1,supply_grid_power,electricity,2005-07-02 01:00:00,0.0
X1,supply_grid_power,electricity,2005-07-02 02:00:00,0.0
X1,supply_grid_power,electricity,2005-07-02 03:00:00,0.0
X1,supply_grid_power,electricity,2005-07-02 04:00:00,0.0
X1,supply_grid_power,electricity,2005-07-02 05:00:00,0.0
X1,supply_grid_power,electricity,2005-07-02 06:00:00,0.0
X1,supply_grid_power,electricity,2005-07-02 07:00:00,0.0
X1,supply_grid_power,electricity,2005-07-02 08:00:00,0.0
X1,supply_grid_power,electricity,2005-07-02 09:00:00,0.0
X1,supply_grid_power,electricity,2005-07-02 10:00:00,0.0
X1,supply_grid_power,electricity,2005-07-02 11:00:00,0.0
X1,supply_grid_power,electricity,2005-07-02 12:00:00,0.0
X1,supply_grid_power,electricity,2005-07-02 13:00:00,0.0
X1,supply_grid_power,electricity,2005-07-02 14:00:00,0.0
X1,supply_grid_power,electricity,2005-07-02 15:00:00,0.0
X1,supply_grid_power,electricity,2005-07-02 16:00:00,0.0
X1,supply_grid_power,electricity,2005-07-02 17:00:00,0.12249604851997774
X1,supply_grid_power,electricity,2005-07-02 18:00:00,0.26676828885457055
X1,supply_grid_power,electricity,2005-07-02 19:00:00,1.0
X1,supply_grid_power,electricity,2005-07-02 20:00:00,0.29529439192249635
X1,supply_grid_power,electricity,2005-07-02 21:00:00,0.0
X1,supply_grid_power,electricity,2005-07-02 22:00:00,0.0
X1,supply_grid_power,electricity,2005-07-02 23:00:00,0.0
X2,boiler,heat,2005-07-01 00:00:00,0.0
X2,boiler,heat,2005-07-01 01:00:00,0.021181537702069993
X2,boiler,heat,2005-07-01 02:00:00,0.049839123206225557
X2,boiler,heat,2005-07-01 03:00:00,0.1922382322657691
X2,boiler,heat,2005-07-01 04:00:00,0.2757627653347346
X2,boiler,heat,2005-07-01 05:00:00,0.2691136954134734
X2,boiler,heat,2005-07-01 06:00:00,0.6402064886983831
X2,boiler,heat,2005-07-01 07:00:00,1.0
X2,boiler,heat,2005-07-01 08:00:00,0.4318106643638268
X2,boiler,heat,2005-07-01 09:00:00,0.07393757510349742
X2,boiler,heat,2005-07-01 10:00:00,0.0
X2,boiler,heat,2005-07-01 11:00:00,0.0
X2,boiler,heat,2005-07-01 12:00:00,0.0
X2,boiler,heat,2005-07-01 13:00:00,0.0
X2,boiler,heat,2005-07-01 14:00:00,0.0
X2,boiler,heat,2005-07-01 15:00:00,0.0
X2,boiler,heat,2005-07-01 16:00:00,0.0
X2,boiler,heat,2005-07-01 17:00:00,0.0
X2,boiler,heat,2005-07-01 18:00:00,0.0
X2,boiler,heat,2005-07-01 19:00:00,0.0
X2,boiler,heat,2005-07-01 20:00:00,0.0
X2,boiler,heat,2005-07-01 21:00:00,0.4462823418468393
X2,boiler,heat,2005-07-01 22:00:00,0.24454951762770546
X2,boiler,heat,2005-07-01 23:00:00,0.09966732971268771
X2,boiler,heat,2005-07-02 00:00:00,0.0
X2,boiler,heat,2005-07-02 01:00:00,0.0794641031263611
X2,boiler,heat,2005-07-02 02:00:00,0.10392859962784026
X2,boiler,heat,2005-07-02 03:00:00,0.17880537465892427
X2,boiler,heat,2005-07-02 04:00:00,0.2652163496173461
X2,boiler,heat,2005-07-02 05:00:00,0.2431881486656492
X2,boiler,heat,2005-07-02 06:00:00,0.5525065306533881
X2,boiler,heat,2005-07-02 07:00:00,0.9486235582164573
X2,boiler,heat,2005-07-02 08:00:00,0.44078205229400846
X2,boiler,heat,2005-07-02 09:00:00,0.16861855617996271
X2,boiler,heat,2005-07-02 10:00:00,0.0
X2,boiler,heat,2005-07-02 11:00:00,0.0
X2,boiler,heat,2005-07-02 12:00:00,0.0
X2,boiler,heat,2005-07-02 13:00:00,0.0
X2,boiler,heat,2005-07-02 14:00:00,0.0
X2,boiler,heat,2005-07-02 15:00:00,0.0
X2,boiler,heat,2005-07-02 16:00:00,0.0
X2,boiler,heat,2005-07-02 17:00:00,0.0
X2,boiler,heat,2005-07-02 18:00:00,0.0
X2,boiler,heat,2005-07-02 19:00:00,0.0
X2,boiler,heat,2005-07-02 20:00:00,0.0
X2,boiler,heat,2005-07-02 21:00:00,0.465639852071702
X2,boiler,heat,2005-07-02 22:00:00,0.18316199179458886
X2,boiler,heat,2005-07-02 23:00:00,0.00460291549883017
X2,heat_pipes:N1,heat,2005-07-01 00:00:00,0.34026018541952835
X2,heat_pipes:N1,heat,2005-07-01 01:00:00,0.3488650004059224
X2,heat_pipes:N1,heat,2005-07-01 02:00:00,0.3552435966390222
X2,heat_pipes:N1,heat,2005-07-01 03:00:00,0.3547419865514294
X2,heat_pipes:N1,heat,2005-07-01 04:00:00,0.36822967865971196
X2,heat_pipes:N1,heat,2005-07-01 05:00:00,0.608567602120384
X2,heat_pipes:N1,heat,2005-07-01 06:00:00,0.7434494400966833
X2,heat_pipes:N1,heat,2005-07-01 07:00:00,0.9057234367640162
X2,heat_pipes:N1,heat,2005-07-01 08:00:00,0.9193856289794683
X2,heat_pipes:N1,heat,2005-07-01 09:00:00,0.9268593750000003
X2,heat_pipes:N1,heat,2005-07-01 10:00:00,0.7789375051969387
X2,heat_pipes:N1,heat,2005-07-01 11:00:00,0.5946176660061407
X2,heat_pipes:N1,heat,2005-07-01 12:00:00,0.5738256973012917
X2,heat_pipes:N1,heat,2005-07-01 13:00:00,0.5729500575742621
X2,heat_pipes:N1,heat,2005-07-01 14:00:00,0.5980723103104091
X2,heat_pipes:N1,heat,2005-07-01 15:00:00,0.9268593750000003
X2,heat_pipes:N1,heat,2005-07-01 16:00:00,0.555261319287913
X2,heat_pipes:N1,heat,2005-07-01 17:00:00,0.6753236346116641
X2,heat_pipes:N1,heat,2005-07-01 18:00:00,0.879975153441609
X2,heat_pipes:N1,heat,2005-07-01 19:00:00,0.9268593750000003
X2,heat_pipes:N1,heat,2005-07-01 20:00:00,0.8857602539230732
X2,heat_pipes:N1,heat,2005-07-01 21:00:00,0.8235556833521929
X2,heat_pipes:N1,heat,2005-07-01 22:00:00,0.568838413995108
X2,heat_pipes:N1,heat,2005-07-01 23:00:00,0.41477223085348175
X2,heat_pipes:N1,heat,2005-07-02 00:00:00,0.4377040196547411
X2,heat_pipes:N1,heat,2005-07-02 01:00:00,0.3863552685719759
X2,heat_pipes:N1,heat,2005-07-02 02:00:00,0.37516653436491315
X2,heat_pipes:N1,heat,2005-07-02 03:00:00,0.38668772566938453
X2,heat_pipes:N1,heat,2005-07-02 04:00:00,0.3961080976905162
X2,heat_pipes:N1,heat,2005-07-02 05:00:00,0.5992022781708535
X2,heat_pipes:N1,heat,2005-07-02 06:00:00,0.7668302551076293
X2,heat_pipes:N1,heat,2005-07-02 07:00:00,0.8869711190987263
X2,heat_pipes:N1,heat,2005-07-02 08:00:00,0.8576322386658651
X2,heat_pipes:N1,heat,2005-07-02 09:00:00,0.817366577034263
X2,heat_pipes:N1,heat,2005-07-02 10:00:00,0.7743864409905534
X2,heat_pipes:N1,heat,2005-07-02 11:00:00,0.5871796210259155
X2,heat_pipes:N1,heat,2005-07-02 12:00:00,0.5703195408818326
X2,heat_pipes:N1,heat,2005-07-02 13:00:00,0.5685045648717764
X2,heat_pipes:N1,heat,2005-07-02 14:00:00,0.5532988489924
X2,heat_pipes:N1,heat,2005-07-02 15:00:00,0.7348510699876161
X2,heat_pipes:N1,heat,2005-07-02 16:00:00,0.5495607235278362
X2,heat_pipes:N1,heat,2005-07-02 17:00:00,0.9268593750000003
X2,heat_pipes:N1,heat,2005-07-02 18:00:00,0.8748959746755379
X2,heat_pipes:N1,heat,2005-07-02 19:00:00,0.9268593750000003
X2,heat_pipes:N1,heat,2005-07-02 20:00:00,0.8774641262696307
X2,heat_pipes:N1,heat,2005-07-02 21:00:00,0.7897561396238999
X2,heat_pipes:N1,heat,2005-07-02 22:00:00,0.5690483265731214
X2,heat_pipes:N1,heat,2005-07-02 23:00:00,0.44781989347107676
X2,power_lines:X1,electricity,2005-07-01 00:00:00,0.3444144658280501
X2,power_lines:X1,electricity,2005-07-01 01:00:00,0.2803546027114475
X2,power_lines:X1,electricity,2005-07-01 02:00:00,0.2822311380870688
X2,power_lines:X1,electricity,2005-07-01 03:00:00,0.2822311380870688
X2,power_lines:X1,electricity,2005-07-01 04:00:00,0.3013769356247432
X2,power_lines:X1,electricity,2005-07-01 05:00:00,0.5410825023755709
X2,power_lines:X1,electricity,2005-07-01 06:00:00,0.6905746285292964
X2,power_lines:X1,electricity,2005-07-01 07:00:00,0.7934139794366392
X2,power_lines:X1,electricity,2005-07-01 08:00:00,0.7822657790205626
X2,power_lines:X1,electricity,2005-07-01 09:00:00,0.8047547713987514
X2,power_lines:X1,electricity,2005-07-01 10:00:00,0.6622459685386088
X2,power_lines:X1,electricity,2005-07-01 11:00:00,0.6632569043657186
X2,power_lines:X1,electricity,2005-07-01 12:00:00,0.6212368571057039
X2,power_lines:X1,electricity,2005-07-01 13:00:00,0.6168407586821146
X2,power_lines:X1,electricity,2005-07-01 14:00:00,0.6565056880838264
X2,power_lines:X1,electricity,2005-07-01 15:00:00,0.7534774362627624
X2,power_lines:X1,electricity,2005-07-01 16:00:00,0.6506213863056997
X2,power_lines:X1,electricity,2005-07-01 17:00:00,0.9092733571310393
X2,power_lines:X1,electricity,2005-07-01 18:00:00,0.8938255827119681
X2,power_lines:X1,electricity,2005-07-01 19:00:00,0.9480529471620913
X2,power_lines:X1,electricity,2005-07-01 20:00:00,0.9274854119461178
X2,power_lines:X1,electricity,2005-07-01 21:00:00,0.7484180351269698
X2,power_lines:X1,electricity,2005-07-01 22:00:00,0.4926295333451974
X2,power_lines:X1,electricity,2005-07-01 23:00:00,0.3451181665756939
X2,power_lines:X1,electricity,2005-07-02 00:00:00,0.37369085076434544
X2,power_lines:X1,electricity,2005-07-02 01:00:00,0.3129149245915084
X2,power_lines:X1,electricity,2005-07-02 02:00:00,0.3072853184282164
X2,power_lines:X1,electricity,2005-07-02 03:00:00,0.3157297276913685
X2,power_lines:X1,electricity,2005-07-02 04:00:00,0.3311224544049438
X2,power_lines:X1,electricity,2005-07-02 05:00:00,0.5382676992392824
X2,power_lines:X1,electricity,2005-07-02 06:00:00,0.7252859170730639
X2,power_lines:X1,electricity,2005-07-02 07:00:00,0.8698263348309916
X2,power_lines:X1,electricity,2005-07-02 08:00:00,0.8565021822644195
X2,power_lines:X1,electricity,2005-07-02 09:00:00,0.8438564324711353
X2,power_lines:X1,electricity,2005-07-02 10:00:00,0.8124705370740135
X2,power_lines:X1,electricity,2005-07-02 11:00:00,0.6749909907468
X2,power_lines:X1,electricity,2005-07-02 12:00:00,0.6095410106116036
X2,power_lines:X1,electricity,2005-07-02 13:00:00,0.5856076400264877
X2,power_lines:X1,electricity,2005-07-02 14:00:00,0.6487928026012589
X2,power_lines:X1,electricity,2005-07-02 15:00:00,0.7497909951904828
X2,power_lines:X1,electricity,2005-07-02 16:00:00,0.649058686225383
X2,power_lines:X1,electricity,2005-07-02 17:00:00,0.8903791653860226
X2,power_lines:X1,electricity,2005-07-02 18:00:00,0.8982500269662512
X2,power_lines:X1,electricity,2005-07-02 19:00:00,0.980000000000001
X2,power_lines:X1,electricity,2005-07-02 20:00:00,0.8939959765963756
X2,power_lines:X1,electricity,2005-07-02 21:00:00,0.7150185434838593
X2,power_lines:X1,electricity,2005-07-02 22:00:00,0.49283597336056967
X2,power_lines:X1,electricity,2005-07-02 23:00:00,0.3779130554687781
X2,pv,electricity,2005-07-01 00:00:00,0.0
X2,pv,electricity,2005-07-01 01:00:00,0.0
X2,pv,electricity,2005-07-01 02:00:00,0.0
X2,pv,electricity,2005-07-01 03:00:00,0.0
X2,pv,electricity,2005-07-01 04:00:00,0.0
X2,pv,electricity,2005-07-01 05:00:00,0.046750000850000036
X2,pv,electricity,2005-07-01 06:00:00,0.17339999914999954
X2,pv,electricity,2005-07-01 07:00:00,0.3306500025500006
X2,pv,electricity,2005-07-01 08:00:00,0.46664999745000035
X2,pv,electricity,2005-07-01 09:00:00,0.5712000000000008
X2,pv,electricity,2005-07-01 10:00:00,0.6434499991500003
X2,pv,electricity,2005-07-01 11:00:00,0.6400500025500002
X2,pv,electricity,2005-07-01 12:00:00,0.5354999999999999
X2,pv,electricity,2005-07-01 13:00:00,0.4232999991499998
X2,pv,electricity,2005-07-01 14:00:00,0.38334999744999926
X2,pv,electricity,2005-07-01 15:00:00,0.3017500017000001
X2,pv,electricity,2005-07-01 16:00:00,0.22950000255000055
X2,pv,electricity,2005-07-01 17:00:00,0.15639999830000004
X2,pv,electricity,2005-07-01 18:00:00,0.057800001700000075
X2,pv,electricity,2005-07-01 19:00:00,0.0
X2,pv,electricity,2005-07-01 20:00:00,0.0
X2,pv,electricity,2005-07-01 21:00:00,0.0
X2,pv,electricity,2005-07-01 22:00:00,0.0
X2,pv,electricity,2005-07-01 23:00:00,0.0
X2,pv,electricity,2005-07-02 00:00:00,0.0
X2,pv,electricity,2005-07-02 01:00:00,0.0
X2,pv,electricity,2005-07-02 02:00:00,0.0
X2,pv,electricity,2005-07-02 03:00:00,0.0
X2,pv,electricity,2005-07-02 04:00:00,0.0
X2,pv,electricity,2005-07-02 05:00:00,0.04844999915000005
X2,pv,electricity,2005-07-02 06:00:00,0.1708500017000003
X2,pv,electricity,2005-07-02 07:00:00,0.28900000255
X2,pv,electricity,2005-07-02 08:00:00,0.40544999915000085
X2,pv,electricity,2005-07-02 09:00:00,0.5363499991500007
X2,pv,electricity,2005-07-02 10:00:00,0.6400500025500002
X2,pv,electricity,2005-07-02 11:00:00,0.6621499983000001
X2,pv,electricity,2005-07-02 12:00:00,0.6120000008500005
X2,pv,electricity,2005-07-02 13:00:00,0.48620000169999966
X2,pv,electricity,2005-07-02 14:00:00,0.34425000084999985
X2,pv,electricity,2005-07-02 15:00:00,0.24479999914999984
X2,pv,electricity,2005-07-02 16:00:00,0.1606499999999995
X2,pv,electricity,2005-07-02 17:00:00,0.08755000170000013
X2,pv,electricity,2005-07-02 18:00:00,0.03654999915
X2,pv,electricity,2005-07-02 19:00:00,0.0051000008500000004
X2,pv,electricity,2005-07-02 20:00:00,0.0
X2,pv,electricity,2005-07-02 21:00:00,0.0
X2,pv,electricity,2005-07-02 22:00:00,0.0
X2,pv,electricity,2005-07-02 23:00:00,0.0
X2,supply_gas,gas,2005-07-01 00:00:00,0.0
X2,supply_gas,gas,2005-07-01 01:00:00,0.021181537702069972
X2,supply_gas,gas,2005-07-01 02:00:00,0.049839123206225404
X2,supply_gas,gas,2005-07-01 03:00:00,0.19223823226576864
X2,supply_gas,gas,2005-07-01 04:00:00,0.275762765334734
X2,supply_gas,gas,2005-07-01 05:00:00,0.2691136954134729
X2,supply_gas,gas,2005-07-01 06:00:00,0.640206488698382
X2,supply_gas,gas,2005-07-01 07:00:00,1.0
X2,supply_gas,gas,2005-07-01 08:00:00,0.43181066436382576
X2,supply_gas,gas,2005-07-01 09:00:00,0.07393757510349716
X2,supply_gas,gas,2005-07-01 10:00:00,0.0
X2,supply_gas,gas,2005-07-01 11:00:00,0.0
X2,supply_gas,gas,2005-07-01 12:00:00,0.0
X2,supply_gas,gas,2005-07-01 13:00:00,0.0
X2,supply_gas,gas,2005-07-01 14:00:00,0.0
X2,supply_gas,gas,2005-07-01 15:00:00,0.0
X2,supply_gas,gas,2005-07-01 16:00:00,0.0
X2,supply_gas,gas,2005-07-01 17:00:00,0.0
X2,supply_gas,gas,2005-07-01 18:00:00,0.0
X2,supply_gas,gas,2005-07-01 19:00:00,0.0
X2,supply_gas,gas,2005-07-01 20:00:00,0.0
X2,supply_gas,gas,2005-07-01 21:00:00,0.44628234184683685
X2,supply_gas,gas,2005-07-01 22:00:00,0.2445495176277051
X2,supply_gas,gas,2005-07-01 23:00:00,0.09966732971268767
X2,supply_gas,gas,2005-07-02 00:00:00,0.0
X2,supply_gas,gas,2005-07-02 01:00:00,0.07946410312636114
X2,supply_gas,gas,2005-07-02 02:00:00,0.10392859962784012
X2,supply_gas,gas,2005-07-02 03:00:00,0.17880537465892363
X2,supply_gas,gas,2005-07-02 04:00:00,0.2652163496173457
X2,supply_gas,gas,2005-07-02 05:00:00,0.2431881486656487
X2,supply_gas,gas,2005-07-02 06:00:00,0.5525065306533858
X2,supply_gas,gas,2005-07-02 07:00:00,0.9486235582164574
X2,supply_gas,gas,2005-07-02 08:00:00,0.44078205229400746
X2,supply_gas,gas,2005-07-02 09:00:00,0.16861855617996258
X2,supply_gas,gas,2005-07-02 10:00:00,0.0
X2,supply_gas,gas,2005-07-02 11:00:00,0.0
X2,supply_gas,gas,2005-07-02 12:00:00,0.0
X2,supply_gas,gas,2005-07-02 13:00:00,0.0
X2,supply_gas,gas,2005-07-02 14:00:00,0.0
X2,supply_gas,gas,2005-07-02 15:00:00,0.0
X2,supply_gas,gas,2005-07-02 16:00:00,0.0
X2,supply_gas,gas,2005-07-02 17:00:00,0.0
X2,supply_gas,gas,2005-07-02 18:00:00,0.0
X2,supply_gas,gas,2005-07-02 19:00:00,0.0
X2,supply_gas,gas,2005-07-02 20:00:00,0.0
X2,supply_gas,gas,2005-07-02 21:00:00,0.465639852071701
X2,supply_gas,gas,2005-07-02 22:00:00,0.18316199179458845
X2,supply_gas,gas,2005-07-02 23:00:00,0.004602915498830184
X3,boiler,heat,2005-07-01 00:00:00,0.0
X3,boiler,heat,2005-07-01 01:00:00,1.0
X3,boiler,heat,2005-07-01 02:00:00,1.0
X3,boiler,heat,2005-07-01 03:00:00,1.0
X3,boiler,heat,2005-07-01 04:00:00,1.0
X3,boiler,heat,2005-07-01 05:00:00,1.0
X3,boiler,heat,2005-07-01 06:00:00,1.0
X3,boiler,heat,2005-07-01 07:00:00,1.0
X3,boiler,heat,2005-07-01 08:00:00,1.0
X3,boiler,heat,2005-07-01 09:00:00,1.0
X3,boiler,heat,2005-07-01 10:00:00,0.0
X3,boiler,heat,2005-07-01 11:00:00,0.0
X3,boiler,heat,2005-07-01 12:00:00,0.0
X3,boiler,heat,2005-07-01 13:00:00,0.0
X3,boiler,heat,2005-07-01 14:00:00,0.0
X3,boiler,heat,2005-07-01 15:00:00,0.0
X3,boiler,heat,2005-07-01 16:00:00,0.0
X3,boiler,heat,2005-07-01 17:00:00,0.0
X3,boiler,heat,2005-07-01 18:00:00,0.0
X3,boiler,heat,2005-07-01 19:00:00,0.0
X3,boiler,heat,2005-07-01 20:00:00,0.0
X3,boiler,heat,2005-07-01 21:00:00,1.0
X3,boiler,heat,2005-07-01 22:00:00,1.0
X3,boiler,heat,2005-07-01 23:00:00,1.0
X3,boiler,heat,2005-07-02 00:00:00,0.0
X3,boiler,heat,2005-07-02 01:00:00,1.0
X3,boiler,heat,2005-07-02 02:00:00,1.0
X3,boiler,heat,2005-07-02 03:00:00,1.0
X3,boiler,heat,2005-07-02 04:00:00,1.0
X3,boiler,heat,2005-07-02 05:00:00,1.0
X3,boiler,heat,2005-07-02 06:00:00,1.0
X3,boiler,heat,2005-07-02 07:00:00,1.0
X3,boiler,heat,2005-07-02 08:00:00,1.0
X3,boiler,heat,2005-07-02 09:00:00,1.0
X3,boiler,heat,2005-07-02 10:00:00,0.0
X3,boiler,heat,2005-07-02 11:00:00,0.0
X3,boiler,heat,2005-07-02 12:00:00,0.0
X3,boiler,heat,2005-07-02 13:00:00,0.0
X3,boiler,heat,2005-07-02 14:00:00,0.0
X3,boiler,heat,2005-07-02 15:00:00,0.0
X3,boiler,heat,2005-07-02 16:00:00,0.0
X3,boiler,heat,2005-07-02 17:00:00,0.0
X3,boiler,heat,2005-07-02 18:00:00,0.0
X3,boiler,heat,2005-07-02 19:00:00,0.0
X3,boiler,heat,2005-07-02 20:00:00,0.0
X3,boiler,heat,2005-07-02 21:00:00,1.0
X3,boiler,heat,2005-07-02 22:00:00,1.0
X3,boiler,heat,2005-07-02 23:00:00,1.0
X3,heat_pipes:N1,heat,2005-07-01 00:00:00,0.23651151483744864
X3,heat_pipes:N1,heat,2005-07-01 01:00:00,0.0025309420505447533
X3,heat_pipes:N1,heat,2005-07-01 02:00:00,0.0
X3,heat_pipes:N1,heat,2005-07-01 03:00:00,0.0
X3,heat_pipes:N1,heat,2005-07-01 04:00:00,0.002531196489428794
X3,heat_pipes:N1,heat,2005-07-01 05:00:00,0.021715517888987956
X3,heat_pipes:N1,heat,2005-07-01 06:00:00,0.028112076788898408
X3,heat_pipes:N1,heat,2005-07-01 07:00:00,0.017309675400901472
X3,heat_pipes:N1,heat,2005-07-01 08:00:00,0.009908333650624853
X3,heat_pipes:N1,heat,2005-07-01 09:00:00,0.005727695461938126
X3,heat_pipes:N1,heat,2005-07-01 10:00:00,0.01240323198366205
X3,heat_pipes:N1,heat,2005-07-01 11:00:00,0.5670101166115993
X3,heat_pipes:N1,heat,2005-07-01 12:00:00,0.5339028934834101
X3,heat_pipes:N1,heat,2005-07-01 13:00:00,0.26562927809181663
X3,heat_pipes:N1,heat,2005-07-01 14:00:00,0.32240687220909253
X3,heat_pipes:N1,heat,2005-07-01 15:00:00,0.9036878906249988
X3,heat_pipes:N1,heat,2005-07-01 16:00:00,0.4461410163054707
X3,heat_pipes:N1,heat,2005-07-01 17:00:00,0.7887505773449309
X3,heat_pipes:N1,heat,2005-07-01 18:00:00,0.17942209731026987
X3,heat_pipes:N1,heat,2005-07-01 19:00:00,0.20365240722375427
X3,heat_pipes:N1,heat,2005-07-01 20:00:00,0.16363317394864288
X3,heat_pipes:N1,heat,2005-07-01 21:00:00,0.002530940189914909
X3,heat_pipes:N1,heat,2005-07-01 22:00:00,0.0
X3,heat_pipes:N1,heat,2005-07-01 23:00:00,0.002454088522105996
X3,heat_pipes:N1,heat,2005-07-02 00:00:00,0.030586754743290055
X3,heat_pipes:N1,heat,2005-07-02 01:00:00,0.0
X3,heat_pipes:N1,heat,2005-07-02 02:00:00,0.0025308499478693793
X3,heat_pipes:N1,heat,2005-07-02 03:00:00,0.0
X3,heat_pipes:N1,heat,2005-07-02 04:00:00,0.0025311351665447054
X3,heat_pipes:N1,heat,2005-07-02 05:00:00,0.0
X3,heat_pipes:N1,heat,2005-07-02 06:00:00,0.0
X3,heat_pipes:N1,heat,2005-07-02 07:00:00,0.002530846424357791
X3,heat_pipes:N1,heat,2005-07-02 08:00:00,0.0
X3,heat_pipes:N1,heat,2005-07-02 09:00:00,0.0025308557874306778
X3,heat_pipes:N1,heat,2005-07-02 10:00:00,4.674045985129514e-05
X3,heat_pipes:N1,heat,2005-07-02 11:00:00,0.13628731582765033
X3,heat_pipes:N1,heat,2005-07-02 12:00:00,0.002577922172103936
X3,heat_pipes:N1,heat,2005-07-02 13:00:00,0.002577771586926256
X3,heat_pipes:N1,heat,2005-07-02 14:00:00,0.3307617391771575
X3,heat_pipes:N1,heat,2005-07-02 15:00:00,0.9036878906249988
X3,heat_pipes:N1,heat,2005-07-02 16:00:00,0.4392484209109082
X3,heat_pipes:N1,heat,2005-07-02 17:00:00,0.7723532944080375
X3,heat_pipes:N1,heat,2005-07-02 18:00:00,0.1948090567757685
X3,heat_pipes:N1,heat,2005-07-02 19:00:00,0.23521497924026655
X3,heat_pipes:N1,heat,2005-07-02 20:00:00,0.18877296394762696
X3,heat_pipes:N1,heat,2005-07-02 21:00:00,0.0025308765479849283
X3,heat_pipes:N1,heat,2005-07-02 22:00:00,0.0
X3,heat_pipes:N1,heat,2005-07-02 23:00:00,0.002530845660331043
X3,power_lines:X1,electricity,2005-07-01 00:00:00,0.40986444075068024
X3,power_lines:X1,electricity,2005-07-01 01:00:00,0.40986444075068024
X3,power_lines:X1,electricity,2005-07-01 02:00:00,0.40986444075068024
X3,power_lines:X1,electricity,2005-07-01 03:00:00,0.40986444075068024
X3,power_lines:X1,electricity,2005-07-01 04:00:00,0.40986444075068024
X3,power_lines:X1,electricity,2005-07-01 05:00:00,0.6089108387897728
X3,power_lines:X1,electricity,2005-07-01 06:00:00,0.5802593420377006
X3,power_lines:X1,electricity,2005-07-01 07:00:00,0.9800000000000009
X3,power_lines:X1,electricity,2005-07-01 08:00:00,0.880557603584346
X3,power_lines:X1,electricity,2005-07-01 09:00:00,0.7453233993848974
X3,power_lines:X1,electricity,2005-07-01 10:00:00,0.7155100036396226
X3,power_lines:X1,electricity,2005-07-01 11:00:00,0.6911667035645325
X3,power_lines:X1,electricity,2005-07-01 12:00:00,0.7492445882203767
X3,power_lines:X1,electricity,2005-07-01 13:00:00,0.2511999545903647
X3,power_lines:X1,electricity,2005-07-01 14:00:00,0.26677728957954416
X3,power_lines:X1,electricity,2005-07-01 15:00:00,0.3640012500189115
X3,power_lines:X1,electricity,2005-07-01 16:00:00,0.2785153006573132
X3,power_lines:X1,electricity,2005-07-01 17:00:00,0.29123285405631244
X3,power_lines:X1,electricity,2005-07-01 18:00:00,0.3948768146142759
X3,power_lines:X1,electricity,2005-07-01 19:00:00,0.4348333518135701
X3,power_lines:X1,electricity,2005-07-01 20:00:00,0.40986444075068024
X3,power_lines:X1,electricity,2005-07-01 21:00:00,0.40986444075068024
X3,power_lines:X1,electricity,2005-07-01 22:00:00,0.40986444075068024
X3,power_lines:X1,electricity,2005-07-01 23:00:00,0.40986444075068024
X3,power_lines:X1,electricity,2005-07-02 00:00:00,0.40986444075068024
X3,power_lines:X1,electricity,2005-07-02 01:00:00,0.40986444075068024
X3,power_lines:X1,electricity,2005-07-02 02:00:00,0.40986444075068024
X3,power_lines:X1,electricity,2005-07-02 03:00:00,0.40986444075068024
X3,power_lines:X1,electricity,2005-07-02 04:00:00,0.40986444075068024
X3,power_lines:X1,electricity,2005-07-02 05:00:00,0.3569463976417086
X3,power_lines:X1,electricity,2005-07-02 06:00:00,0.22325870465690625
X3,power_lines:X1,electricity,2005-07-02 07:00:00,0.09421294721636499
X3,power_lines:X1,electricity,2005-07-02 08:00:00,0.0
X3,power_lines:X1,electricity,2005-07-02 09:00:00,0.0
X3,power_lines:X1,electricity,2005-07-02 10:00:00,0.0
X3,power_lines:X1,electricity,2005-07-02 11:00:00,0.0
X3,power_lines:X1,electricity,2005-07-02 12:00:00,0.0
X3,power_lines:X1,electricity,2005-07-02 13:00:00,0.0
X3,power_lines:X1,electricity,2005-07-02 14:00:00,0.03386781113579999
X3,power_lines:X1,electricity,2005-07-02 15:00:00,0.14667239682155545
X3,power_lines:X1,electricity,2005-07-02 16:00:00,0.24276601844719545
X3,power_lines:X1,electricity,2005-07-02 17:00:00,0.3142406049316627
X3,power_lines:X1,electricity,2005-07-02 18:00:00,0.36994381196667386
X3,power_lines:X1,electricity,2005-07-02 19:00:00,0.40429411939730836
X3,power_lines:X1,electricity,2005-07-02 20:00:00,0.40986444075068024
X3,power_lines:X1,electricity,2005-07-02 21:00:00,0.40986444075068024
X3,power_lines:X1,electricity,2005-07-02 22:00:00,0.40986444075068024
X3,power_lines:X1,electricity,2005-07-02 23:00:00,0.40986444075068024
X3,pv,electricity,2005-07-01 00:00:00,0.0
X3,pv,electricity,2005-07-01 01:00:00,0.0
X3,pv,electricity,2005-07-01 02:00:00,0.0
X3,pv,electricity,2005-07-01 03:00:00,0.0
X3,pv,electricity,2005-07-01 04:00:00,0.0
X3,pv,electricity,2005-07-01 05:00:00,0.04675000085
X3,pv,electricity,2005-07-01 06:00:00,0.17339999915
X3,pv,electricity,2005-07-01 07:00:00,0.33065000255
X3,pv,electricity,2005-07-01 08:00:00,0.46664999745
X3,pv,electricity,2005-07-01 09:00:00,0.5711999999999999
X3,pv,electricity,2005-07-01 10:00:00,0.64344999915
X3,pv,electricity,2005-07-01 11:00:00,0.64005000255
X3,pv,electricity,2005-07-01 12:00:00,0.5355
X3,pv,electricity,2005-07-01 13:00:00,0.42329999915
X3,pv,electricity,2005-07-01 14:00:00,0.38334999745
X3,pv,electricity,2005-07-01 15:00:00,0.3017500017
X3,pv,electricity,2005-07-01 16:00:00,0.22950000255
X3,pv,electricity,2005-07-01 17:00:00,0.1563999983
X3,pv,electricity,2005-07-01 18:00:00,0.0578000017
X3,pv,electricity,2005-07-01 19:00:00,0.0
X3,pv,electricity,2005-07-01 20:00:00,0.0
X3,pv,electricity,2005-07-01 21:00:00,0.0
X3,pv,electricity,2005-07-01 22:00:00,0.0
X3,pv,electricity,2005-07-01 23:00:00,0.0
X3,pv,electricity,2005-07-02 00:00:00,0.0
X3,pv,electricity,2005-07-02 01:00:00,0.0
X3,pv,electricity,2005-07-02 02:00:00,0.0
X3,pv,electricity,2005-07-02 03:00:00,0.0
X3,pv,electricity,2005-07-02 04:00:00,0.0
X3,pv,electricity,2005-07-02 05:00:00,0.04844999915
X3,pv,electricity,2005-07-02 06:00:00,0.1708500017
X3,pv,electricity,2005-07-02 07:00:00,0.28900000254999997
X3,pv,electricity,2005-07-02 08:00:00,0.40544999914999996
X3,pv,electricity,2005-07-02 09:00:00,0.53634999915
X3,pv,electricity,2005-07-02 10:00:00,0.64005000255
X3,pv,electricity,2005-07-02 11:00:00,0.6621499983
X3,pv,electricity,2005-07-02 12:00:00,0.61200000085
X3,pv,electricity,2005-07-02 13:00:00,0.4862000017
X3,pv,electricity,2005-07-02 14:00:00,0.34425000085
X3,pv,electricity,2005-07-02 15:00:00,0.24479999915
X3,pv,electricity,2005-07-02 16:00:00,0.16065000000000002
X3,pv,electricity,2005-07-02 17:00:00,0.0875500017
X3,pv,electricity,2005-07-02 18:00:00,0.03654999915
X3,pv,electricity,2005-07-02 19:00:00,0.0051000008500000004
X3,pv,electricity,2005-07-02 20:00:00,0.0
X3,pv,electricity,2005-07-02 21:00:00,0.0
X3,pv,electricity,2005-07-02 22:00:00,0.0
X3,pv,electricity,2005-07-02 23:00:00,0.0
X3,supply_gas,gas,2005-07-01 00:00:00,0.0
X3,supply_gas,gas,2005-07-01 01:00:00,1.0
X3,supply_gas,gas,2005-07-01 02:00:00,1.0
X3,supply_gas,gas,2005-07-01 03:00:00,1.0
X3,supply_gas,gas,2005-07-01 04:00:00,1.0
X3,supply_gas,gas,2005-07-01 05:00:00,1.0
X3,supply_gas,gas,2005-07-01 06:00:00,1.0
X3,supply_gas,gas,2005-07-01 07:00:00,1.0
X3,supply_gas,gas,2005-07-01 08:00:00,1.0
X3,supply_gas,gas,2005-07-01 09:00:00,1.0
X3,supply_gas,gas,2005-07-01 10:00:00,0.0
X3,supply_gas,gas,2005-07-01 11:00:00,0.0
X3,supply_gas,gas,2005-07-01 12:00:00,0.0
X3,supply_gas,gas,2005-07-01 13:00:00,0.0
X3,supply_gas,gas,2005-07-01 14:00:00,0.0
X3,supply_gas,gas,2005-07-01 15:00:00,0.0
X3,supply_gas,gas,2005-07-01 16:00:00,0.0
X3,supply_gas,gas,2005-07-01 17:00:00,0.0
X3,supply_gas,gas,2005-07-01 18:00:00,0.0
X3,supply_gas,gas,2005-07-01 19:00:00,0.0
X3,supply_gas,gas,2005-07-01 20:00:00,0.0
X3,supply_gas,gas,2005-07-01 21:00:00,1.0
X3,supply_gas,gas,2005-07-01 22:00:00,1.0
X3,supply_gas,gas,2005-07-01 23:00:00,1.0
X3,supply_gas,gas,2005-07-02 00:00:00,0.0
X3,supply_gas,gas,2005-07-02 01:00:00,1.0
X3,supply_gas,gas,2005-07-02 02:00:00,1.0
X3,supply_gas,gas,2005-07-02 03:00:00,1.0
X3,supply_gas,gas,2005-07-02 04:00:00,1.0
X3,supply_gas,gas,2005-07-02 05:00:00,1.0
X3,supply_gas,gas,2005-07-02 06:00:00,1.0
X3,supply_gas,gas,2005-07-02 07:00:00,1.0
X3,supply_gas,gas,2005-07-02 08:00:00,1.0
X3,supply_gas,gas,2005-07-02 09:00:00,1.0
X3,supply_gas,gas,2005-07-02 10:00:00,0.0
X3,supply_gas,gas,2005-07-02 11:00:00,0.0
X3,supply_gas,gas,2005-07-02 12:00:00,0.0
X3,supply_gas,gas,2005-07-02 13:00:00,0.0
X3,supply_gas,gas,2005-07-02 14:00:00,0.0
X3,supply_gas,gas,2005-07-02 15:00:00,0.0
X3,supply_gas,gas,2005-07-02 16:00:00,0.0
X3,supply_gas,gas,2005-07-02 17:00:00,0.0
X3,supply_gas,gas,2005-07-02 18:00:00,0.0
X3,supply_gas,gas,2005-07-02 19:00:00,0.0
X3,supply_gas,gas,2005-07-02 20:00:00,0.0
X3,supply_gas,gas,2005-07-02 21:00:00,1.0
X3,supply_gas,gas,2005-07-02 22:00:00,1.0
X3,supply_gas,gas,2005-07-02 23:00:00,1.0
