N1,heat_pipes:X1,heat,2005-07-01 00:00:00,0.0
N1,heat_pipes:X1,heat,2005-07-01 01:00:00,0.0
N1,heat_pipes:X1,heat,2005-07-01 02:00:00,0.0
N1,heat_pipes:X1,heat,2005-07-01 03:00:00,0.0
N1,heat_pipes:X1,heat,2005-07-01 04:00:00,0.0
N1,heat_pipes:X1,heat,2005-07-01 05:00:00,0.0
N1,heat_pipes:X1,heat,2005-07-01 06:00:00,0.0
N1,heat_pipes:X1,heat,2005-07-01 07:00:00,0.0
N1,heat_pipes:X1,heat,2005-07-01 08:00:00,0.0
N1,heat_pipes:X1,heat,2005-07-01 09:00:00,0.0
N1,heat_pipes:X1,heat,2005-07-01 10:00:00,0.0
N1,heat_pipes:X1,heat,2005-07-01 11:00:00,0.0
N1,heat_pipes:X1,heat,2005-07-01 12:00:00,0.0
N1,heat_pipes:X1,heat,2005-07-01 13:00:00,0.0
N1,heat_pipes:X1,heat,2005-07-01 14:00:00,0.0
N1,heat_pipes:X1,heat,2005-07-01 15:00:00,-27.60797152002
N1,heat_pipes:X1,heat,2005-07-01 16:00:00,0.0
N1,heat_pipes:X1,heat,2005-07-01 17:00:00,0.0
N1,heat_pipes:X1,heat,2005-07-01 18:00:00,0.0
N1,heat_pipes:X1,heat,2005-07-01 19:00:00,0.0
N1,heat_pipes:X1,heat,2005-07-01 20:00:00,0.0
N1,heat_pipes:X1,heat,2005-07-01 21:00:00,0.0
N1,heat_pipes:X1,heat,2005-07-01 22:00:00,0.0
N1,heat_pipes:X1,heat,2005-07-01 23:00:00,0.0
N1,heat_pipes:X1,heat,2005-07-02 00:00:00,0.0
N1,heat_pipes:X1,heat,2005-07-02 01:00:00,0.0
N1,heat_pipes:X1,heat,2005-07-02 02:00:00,0.0
N1,heat_pipes:X1,heat,2005-07-02 03:00:00,0.0
N1,heat_pipes:X1,heat,2005-07-02 04:00:00,0.0
N1,heat_pipes:X1,heat,2005-07-02 05:00:00,0.0
N1,heat_pipes:X1,heat,2005-07-02 06:00:00,0.0
N1,heat_pipes:X1,heat,2005-07-02 07:00:00,0.0
N1,heat_pipes:X1,heat,2005-07-02 08:00:00,0.0
N1,heat_pipes:X1,heat,2005-07-02 09:00:00,0.0
N1,heat_pipes:X1,heat,2005-07-02 10:00:00,0.0
N1,heat_pipes:X1,heat,2005-07-02 11:00:00,0.0
N1,heat_pipes:X1,heat,2005-07-02 12:00:00,0.0
N1,heat_pipes:X1,heat,2005-07-02 13:00:00,0.0
N1,heat_pipes:X1,heat,2005-07-02 14:00:00,0.0
N1,heat_pipes:X1,heat,2005-07-02 15:00:00,0.0
N1,heat_pipes:X1,heat,2005-07-02 16:00:00,0.0
N1,heat_pipes:X1,heat,2005-07-02 17:00:00,0.0
N1,heat_pipes:X1,heat,2005-07-02 18:00:00,0.0
N1,heat_pipes:X1,heat,2005-07-02 19:00:00,0.0
N1,heat_pipes:X1,heat,2005-07-02 20:00:00,0.0
N1,heat_pipes:X1,heat,2005-07-02 21:00:00,0.0
N1,heat_pipes:X1,heat,2005-07-02 22:00:00,0.0
N1,heat_pipes:X1,heat,2005-07-02 23:00:00,0.0
N1,heat_pipes:X2,heat,2005-07-01 00:00:00,-69.8401424380047
N1,heat_pipes:X2,heat,2005-07-01 01:00:00,-71.6063247010323
N1,heat_pipes:X2,heat,2005-07-01 02:00:00,-72.9155641847084
N1,heat_pipes:X2,heat,2005-07-01 03:00:00,-72.8126061500426
N1,heat_pipes:X2,heat,2005-07-01 04:00:00,-75.5810239031834
N1,heat_pipes:X2,heat,2005-07-01 05:00:00,-124.911611280169
N1,heat_pipes:X2,heat,2005-07-01 06:00:00,-152.596798029098
N1,heat_pipes:X2,heat,2005-07-01 07:00:00,-185.904365375708
N1,heat_pipes:X2,heat,2005-07-01 08:00:00,-188.708600167874
N1,heat_pipes:X2,heat,2005-07-01 09:00:00,-190.242624743732
N1,heat_pipes:X2,heat,2005-07-01 10:00:00,-159.880904802846
N1,heat_pipes:X2,heat,2005-07-01 11:00:00,-122.048315581854
N1,heat_pipes:X2,heat,2005-07-01 12:00:00,-117.780657718438
N1,heat_pipes:X2,heat,2005-07-01 13:00:00,-117.60092818827
N1,heat_pipes:X2,heat,2005-07-01 14:00:00,-122.757398985148
N1,heat_pipes:X2,heat,2005-07-01 15:00:00,-190.242624743732
N1,heat_pipes:X2,heat,2005-07-01 16:00:00,-113.970224231696
N1,heat_pipes:X2,heat,2005-07-01 17:00:00,-138.613628200071
N1,heat_pipes:X2,heat,2005-07-01 18:00:00,-180.619398600786
N1,heat_pipes:X2,heat,2005-07-01 19:00:00,-190.242624743732
N1,heat_pipes:X2,heat,2005-07-01 20:00:00,-181.80682004754
N1,heat_pipes:X2,heat,2005-07-01 21:00:00,-169.03901395348
N1,heat_pipes:X2,heat,2005-07-01 22:00:00,-116.756992325283
N1,heat_pipes:X2,heat,2005-07-01 23:00:00,-85.134120662457
N1,heat_pipes:X2,heat,2005-07-02 00:00:00,-89.840987539237
N1,heat_pipes:X2,heat,2005-07-02 01:00:00,-79.3013938891239
N1,heat_pipes:X2,heat,2005-07-02 02:00:00,-77.0048489972825
N1,heat_pipes:X2,heat,2005-07-02 03:00:00,-79.369632407859
N1,heat_pipes:X2,heat,2005-07-02 04:00:00,-81.3032119213235
N1,heat_pipes:X2,heat,2005-07-02 05:00:00,-122.989330664802
N1,heat_pipes:X2,heat,2005-07-02 06:00:00,-157.3958298308
N1,heat_pipes:X2,heat,2005-07-02 07:00:00,-182.05535631468
N1,heat_pipes:X2,heat,2005-07-02 08:00:00,-176.033401128016
N1,heat_pipes:X2,heat,2005-07-02 09:00:00,-167.768668243549
N1,heat_pipes:X2,heat,2005-07-02 10:00:00,-158.946775609838
N1,heat_pipes:X2,heat,2005-07-02 11:00:00,-120.52161882702
N1,heat_pipes:X2,heat,2005-07-02 12:00:00,-117.061001190175
N1,heat_pipes:X2,heat,2005-07-02 13:00:00,-116.688468086111
N1,heat_pipes:X2,heat,2005-07-02 14:00:00,-113.567417171564
N1,heat_pipes:X2,heat,2005-07-02 15:00:00,-150.831938610088
N1,heat_pipes:X2,heat,2005-07-02 16:00:00,-112.800147810988
N1,heat_pipes:X2,heat,2005-07-02 17:00:00,-190.242624743732
N1,heat_pipes:X2,heat,2005-07-02 18:00:00,-179.576871194727
N1,heat_pipes:X2,heat,2005-07-02 19:00:00,-190.242624743732
N1,heat_pipes:X2,heat,2005-07-02 20:00:00,-180.103997437583
N1,heat_pipes:X2,heat,2005-07-02 21:00:00,-162.101484822903
N1,heat_pipes:X2,heat,2005-07-02 22:00:00,-116.800077954975
N1,heat_pipes:X2,heat,2005-07-02 23:00:00,-91.9173223515122
N1,heat_pipes:X3,heat,2005-07-01 00:00:00,-87.350509892405
N1,heat_pipes:X3,heat,2005-07-01 01:00:00,-0.934749746857603
N1,heat_pipes:X3,heat,2005-07-01 02:00:00,0.0
N1,heat_pipes:X3,heat,2005-07-01 03:00:00,0.0
N1,heat_pipes:X3,heat,2005-07-01 04:00:00,-0.934843718460942
N1,heat_pipes:X3,heat,2005-07-01 05:00:00,-8.02016578974782
N1,heat_pipes:X3,heat,2005-07-01 06:00:00,-10.3825991023415
N1,heat_pipes:X3,heat,2005-07-01 07:00:00,-6.39296134642725
N1,heat_pipes:X3,heat,2005-07-01 08:00:00,-3.65943280673248
N1,heat_pipes:X3,heat,2005-07-01 09:00:00,-2.11540279318988
N1,heat_pipes:X3,heat,2005-07-01 10:00:00,-4.58087057127554
N1,heat_pipes:X3,heat,2005-07-01 11:00:00,-209.413156201784
N1,heat_pipes:X3,heat,2005-07-01 12:00:00,-197.185705782059
N1,heat_pipes:X3,heat,2005-07-01 13:00:00,-98.1045379529139
N1,heat_pipes:X3,heat,2005-07-01 14:00:00,-119.074137678393
N1,heat_pipes:X3,heat,2005-07-01 15:00:00,-333.757948672979
N1,heat_pipes:X3,heat,2005-07-01 16:00:00,-164.772718507946
N1,heat_pipes:X3,heat,2005-07-01 17:00:00,-291.308290661286
N1,heat_pipes:X3,heat,2005-07-01 18:00:00,-66.2657448064986
N1,heat_pipes:X3,heat,2005-07-01 19:00:00,-75.2146956736415
N1,heat_pipes:X3,heat,2005-07-01 20:00:00,-60.4344409596728
N1,heat_pipes:X3,heat,2005-07-01 21:00:00,-0.934749059673448
N1,heat_pipes:X3,heat,2005-07-01 22:00:00,0.0
N1,heat_pipes:X3,heat,2005-07-01 23:00:00,-0.906365526745657
N1,heat_pipes:X3,heat,2005-07-02 00:00:00,-11.2965688990517
N1,heat_pipes:X3,heat,2005-07-02 01:00:00,0.0
N1,heat_pipes:X3,heat,2005-07-02 02:00:00,-0.934715730688615
N1,heat_pipes:X3,heat,2005-07-02 03:00:00,0.0
N1,heat_pipes:X3,heat,2005-07-02 04:00:00,-0.934821070154804
N1,heat_pipes:X3,heat,2005-07-02 05:00:00,0.0
N1,heat_pipes:X3,heat,2005-07-02 06:00:00,0.0
N1,heat_pipes:X3,heat,2005-07-02 07:00:00,-0.934714429354369
N1,heat_pipes:X3,heat,2005-07-02 08:00:00,0.0
N1,heat_pipes:X3,heat,2005-07-02 09:00:00,-0.934717887406681
N1,heat_pipes:X3,heat,2005-07-02 10:00:00,-0.0172625971442539
N1,heat_pipes:X3,heat,2005-07-02 11:00:00,-50.3348284653053
N1,heat_pipes:X3,heat,2005-07-02 12:00:00,-0.952100857968714
N1,heat_pipes:X3,heat,2005-07-02 13:00:00,-0.952045242528337
N1,heat_pipes:X3,heat,2005-07-02 14:00:00,-122.15983052614
N1,heat_pipes:X3,heat,2005-07-02 15:00:00,-333.757948672979
N1,heat_pipes:X3,heat,2005-07-02 16:00:00,-162.227084640559
N1,heat_pipes:X3,heat,2005-07-02 17:00:00,-285.252302113024
N1,heat_pipes:X3,heat,2005-07-02 18:00:00,-71.948591816839
N1,heat_pipes:X3,heat,2005-07-02 19:00:00,-86.8716619784447
N1,heat_pipes:X3,heat,2005-07-02 20:00:00,-69.7192889997714
N1,heat_pipes:X3,heat,2005-07-02 21:00:00,-0.934725554876913
N1,heat_pipes:X3,heat,2005-07-02 22:00:00,0.0
N1,heat_pipes:X3,heat,2005-07-02 23:00:00,-0.9347141471773
X1,chp,gas,2005-07-01 00:00:00,-286.609135905719
X1,chp,gas,2005-07-01 01:00:00,-242.179927709347
X1,chp,gas,2005-07-01 02:00:00,-243.446933099269
X1,chp,gas,2005-07-01 03:00:00,-243.44866358322
X1,chp,gas,2005-07-01 04:00:00,-256.804462918115
X1,chp,gas,2005-07-01 05:00:00,-445.86764368128
X1,chp,gas,2005-07-01 06:00:00,-546.364342818947
X1,chp,gas,2005-07-01 07:00:00,-644.31283483665
X1,chp,gas,2005-07-01 08:00:00,-644.31283483665
X1,chp,gas,2005-07-01 09:00:00,-644.31283483665
X1,chp,gas,2005-07-01 10:00:00,-542.348839485501
X1,chp,gas,2005-07-01 11:00:00,-540.192042401517
X1,chp,gas,2005-07-01 12:00:00,-517.762369033046
X1,chp,gas,2005-07-01 13:00:00,-457.24151429969
X1,chp,gas,2005-07-01 14:00:00,-486.521827110103
X1,chp,gas,2005-07-01 15:00:00,-565.045371645096
X1,chp,gas,2005-07-01 16:00:00,-484.441856492054
X1,chp,gas,2005-07-01 17:00:00,-644.31283483665
X1,chp,gas,2005-07-01 18:00:00,-644.31283483665
X1,chp,gas,2005-07-01 19:00:00,-644.31283483665
X1,chp,gas,2005-07-01 20:00:00,-644.31283483665
X1,chp,gas,2005-07-01 21:00:00,-567.623503309599
X1,chp,gas,2005-07-01 22:00:00,-390.035706508894
X1,chp,gas,2005-07-01 23:00:00,-287.352472338725
X1,chp,gas,2005-07-02 00:00:00,-306.857839004737
X1,chp,gas,2005-07-02 01:00:00,-264.699931186294
X1,chp,gas,2005-07-02 02:00:00,-260.775392887629
X1,chp,gas,2005-07-02 03:00:00,-266.617610043285
X1,chp,gas,2005-07-02 04:00:00,-277.377637496095
X1,chp,gas,2005-07-02 05:00:00,-414.859305951373
X1,chp,gas,2005-07-02 06:00:00,-529.195685153288
X1,chp,gas,2005-07-02 07:00:00,-614.235189409877
X1,chp,gas,2005-07-02 08:00:00,-590.441560905439
X1,chp,gas,2005-07-02 09:00:00,-565.90157844487
X1,chp,gas,2005-07-02 10:00:00,-531.686819559979
X1,chp,gas,2005-07-02 11:00:00,-433.878462874548
X1,chp,gas,2005-07-02 12:00:00,-394.612566796458
X1,chp,gas,2005-07-02 13:00:00,-393.243540486793
X1,chp,gas,2005-07-02 14:00:00,-454.323576462913
X1,chp,gas,2005-07-02 15:00:00,-537.429033837293
X1,chp,gas,2005-07-02 16:00:00,-479.237719149123
X1,chp,gas,2005-07-02 17:00:00,-644.31283483665
X1,chp,gas,2005-07-02 18:00:00,-644.31283483665
X1,chp,gas,2005-07-02 19:00:00,-644.31283483665
X1,chp,gas,2005-07-02 20:00:00,-644.31283483665
X1,chp,gas,2005-07-02 21:00:00,-544.523096910002
X1,chp,gas,2005-07-02 22:00:00,-390.178488569867
X1,chp,gas,2005-07-02 23:00:00,-310.034711618141
X1,demand_electricity,electricity,2005-07-01 00:00:00,-0.455564001
X1,demand_electricity,electricity,2005-07-01 01:00:00,-0.405798008
X1,demand_electricity,electricity,2005-07-01 02:00:00,-0.393291395
X1,demand_electricity,electricity,2005-07-01 03:00:00,-0.393992241
X1,demand_electricity,electricity,2005-07-01 04:00:00,-0.44008539
X1,demand_electricity,electricity,2005-07-01 05:00:00,-0.56782052
X1,demand_electricity,electricity,2005-07-01 06:00:00,-0.732534533
X1,demand_electricity,electricity,2005-07-01 07:00:00,-0.713803086
X1,demand_electricity,electricity,2005-07-01 08:00:00,-0.689991654
X1,demand_electricity,electricity,2005-07-01 09:00:00,-0.707650084
X1,demand_electricity,electricity,2005-07-01 10:00:00,-0.723601032
X1,demand_electricity,electricity,2005-07-01 11:00:00,-0.704059494
X1,demand_electricity,electricity,2005-07-01 12:00:00,-0.677476247
X1,demand_electricity,electricity,2005-07-01 13:00:00,-0.662892364
X1,demand_electricity,electricity,2005-07-01 14:00:00,-0.683060115
X1,demand_electricity,electricity,2005-07-01 15:00:00,-0.780370371
X1,demand_electricity,electricity,2005-07-01 16:00:00,-0.940634343
X1,demand_electricity,electricity,2005-07-01 17:00:00,-0.97838821
X1,demand_electricity,electricity,2005-07-01 18:00:00,-1.02206286
X1,demand_electricity,electricity,2005-07-01 19:00:00,-1.169518801
X1,demand_electricity,electricity,2005-07-01 20:00:00,-1.30793776
X1,demand_electricity,electricity,2005-07-01 21:00:00,-1.099334371
X1,demand_electricity,electricity,2005-07-01 22:00:00,-0.826212381
X1,demand_electricity,electricity,2005-07-01 23:00:00,-0.559498838
X1,demand_electricity,electricity,2005-07-02 00:00:00,-0.455564001
X1,demand_electricity,electricity,2005-07-02 01:00:00,-0.405798008
X1,demand_electricity,electricity,2005-07-02 02:00:00,-0.393291395
X1,demand_electricity,electricity,2005-07-02 03:00:00,-0.393992241
X1,demand_electricity,electricity,2005-07-02 04:00:00,-0.44008539
X1,demand_electricity,electricity,2005-07-02 05:00:00,-0.56782052
X1,demand_electricity,electricity,2005-07-02 06:00:00,-0.732534533
X1,demand_electricity,electricity,2005-07-02 07:00:00,-0.713803086
X1,demand_electricity,electricity,2005-07-02 08:00:00,-0.689991654
X1,demand_electricity,electricity,2005-07-02 09:00:00,-0.707650084
X1,demand_electricity,electricity,2005-07-02 10:00:00,-0.723601032
X1,demand_electricity,electricity,2005-07-02 11:00:00,-0.704059494
X1,demand_electricity,electricity,2005-07-02 12:00:00,-0.677476247
X1,demand_electricity,electricity,2005-07-02 13:00:00,-0.662892364
X1,demand_electricity,electricity,2005-07-02 14:00:00,-0.683060115
X1,demand_electricity,electricity,2005-07-02 15:00:00,-0.780370371
X1,demand_electricity,electricity,2005-07-02 16:00:00,-0.940634343
X1,demand_electricity,electricity,2005-07-02 17:00:00,-0.97838821
X1,demand_electricity,electricity,2005-07-02 18:00:00,-1.02206286
X1,demand_electricity,electricity,2005-07-02 19:00:00,-1.169518801
X1,demand_electricity,electricity,2005-07-02 20:00:00,-1.30793776
X1,demand_electricity,electricity,2005-07-02 21:00:00,-1.099334371
X1,demand_electricity,electricity,2005-07-02 22:00:00,-0.826212381
X1,demand_electricity,electricity,2005-07-02 23:00:00,-0.559498838
X1,demand_heat,heat,2005-07-01 00:00:00,-0.215376486
X1,demand_heat,heat,2005-07-01 01:00:00,-0.20083754
X1,demand_heat,heat,2005-07-01 02:00:00,-0.207305695
X1,demand_heat,heat,2005-07-01 03:00:00,-0.318949064
X1,demand_heat,heat,2005-07-01 04:00:00,-0.650733617
X1,demand_heat,heat,2005-07-01 05:00:00,-1.039384351
X1,demand_heat,heat,2005-07-01 06:00:00,-1.181567355
X1,demand_heat,heat,2005-07-01 07:00:00,-1.285403292
X1,demand_heat,heat,2005-07-01 08:00:00,-1.209117445
X1,demand_heat,heat,2005-07-01 09:00:00,-1.219912435
X1,demand_heat,heat,2005-07-01 10:00:00,-0.736295125
X1,demand_heat,heat,2005-07-01 11:00:00,-0.572356325
X1,demand_heat,heat,2005-07-01 12:00:00,-0.529148551
X1,demand_heat,heat,2005-07-01 13:00:00,-0.487904485
X1,demand_heat,heat,2005-07-01 14:00:00,-0.491900276
X1,demand_heat,heat,2005-07-01 15:00:00,-0.539642021
X1,demand_heat,heat,2005-07-01 16:00:00,-0.641774864
X1,demand_heat,heat,2005-07-01 17:00:00,-0.740864823
X1,demand_heat,heat,2005-07-01 18:00:00,-0.761187632
X1,demand_heat,heat,2005-07-01 19:00:00,-0.706515316
X1,demand_heat,heat,2005-07-01 20:00:00,-0.633592867
X1,demand_heat,heat,2005-07-01 21:00:00,-0.523227823
X1,demand_heat,heat,2005-07-01 22:00:00,-0.401011266
X1,demand_heat,heat,2005-07-01 23:00:00,-0.272060339
X1,demand_heat,heat,2005-07-02 00:00:00,-0.216544231
X1,demand_heat,heat,2005-07-02 01:00:00,-0.203526724
X1,demand_heat,heat,2005-07-02 02:00:00,-0.401270577
X1,demand_heat,heat,2005-07-02 03:00:00,-0.751231295
X1,demand_heat,heat,2005-07-02 04:00:00,-1.142727457
X1,demand_heat,heat,2005-07-02 05:00:00,-1.719710859
X1,demand_heat,heat,2005-07-02 06:00:00,-1.64310183
X1,demand_heat,heat,2005-07-02 07:00:00,-1.581959328
X1,demand_heat,heat,2005-07-02 08:00:00,-1.378460258
X1,demand_heat,heat,2005-07-02 09:00:00,-1.335949438
X1,demand_heat,heat,2005-07-02 10:00:00,-0.758270038
X1,demand_heat,heat,2005-07-02 11:00:00,-0.572086364
X1,demand_heat,heat,2005-07-02 12:00:00,-0.528681742
X1,demand_heat,heat,2005-07-02 13:00:00,-0.487107778
X1,demand_heat,heat,2005-07-02 14:00:00,-0.491097294
X1,demand_heat,heat,2005-07-02 15:00:00,-0.540067692
X1,demand_heat,heat,2005-07-02 16:00:00,-0.641509806
X1,demand_heat,heat,2005-07-02 17:00:00,-0.741097764
X1,demand_heat,heat,2005-07-02 18:00:00,-0.761821662
X1,demand_heat,heat,2005-07-02 19:00:00,-0.707074543
X1,demand_heat,heat,2005-07-02 20:00:00,-0.63409183
X1,demand_heat,heat,2005-07-02 21:00:00,-0.523707169
X1,demand_heat,heat,2005-07-02 22:00:00,-0.400787037
X1,demand_heat,heat,2005-07-02 23:00:00,-0.272040308
X1,heat_pipes:N1,heat,2005-07-01 00:00:00,-92.6459835474531
X1,heat_pipes:N1,heat,2005-07-01 01:00:00,-78.2654590378286
X1,heat_pipes:N1,heat,2005-07-01 02:00:00,-78.6695006291633
X1,heat_pipes:N1,heat,2005-07-01 03:00:00,-78.5584179369633
X1,heat_pipes:N1,heat,2005-07-01 04:00:00,-82.5539123684694
X1,heat_pipes:N1,heat,2005-07-01 05:00:00,-143.421732201735
X1,heat_pipes:N1,heat,2005-07-01 06:00:00,-175.840479718339
X1,heat_pipes:N1,heat,2005-07-01 07:00:00,-207.471955195075
X1,heat_pipes:N1,heat,2005-07-01 08:00:00,-207.548241042075
X1,heat_pipes:N1,heat,2005-07-01 09:00:00,-207.537446052075
X1,heat_pipes:N1,heat,2005-07-01 10:00:00,-174.984728868302
X1,heat_pipes:N1,heat,2005-07-01 11:00:00,-174.449865413092
X1,heat_pipes:N1,heat,2005-07-01 12:00:00,-167.225859015707
X1,heat_pipes:N1,heat,2005-07-01 13:00:00,-147.658346148099
X1,heat_pipes:N1,heat,2005-07-01 14:00:00,-157.141171707674
X1,heat_pipes:N1,heat,2005-07-01 15:00:00,-208.123765620075
X1,heat_pipes:N1,heat,2005-07-01 16:00:00,-156.317386639425
X1,heat_pipes:N1,heat,2005-07-01 17:00:00,-208.016493664075
X1,heat_pipes:N1,heat,2005-07-01 18:00:00,-207.996170855075
X1,heat_pipes:N1,heat,2005-07-01 19:00:00,-208.050843171075
X1,heat_pipes:N1,heat,2005-07-01 20:00:00,-208.123765620075
X1,heat_pipes:N1,heat,2005-07-01 21:00:00,-183.38678724931
X1,heat_pipes:N1,heat,2005-07-01 22:00:00,-125.970557642882
X1,heat_pipes:N1,heat,2005-07-01 23:00:00,-92.8301406987469
X1,heat_pipes:N1,heat,2005-07-02 00:00:00,-99.2053956065347
X1,heat_pipes:N1,heat,2005-07-02 01:00:00,-85.5592509803592
X1,heat_pipes:N1,heat,2005-07-02 02:00:00,-84.0899567185918
X1,heat_pipes:N1,heat,2005-07-02 03:00:00,-85.6328743590245
X1,heat_pipes:N1,heat,2005-07-02 04:00:00,-88.7276270917347
X1,heat_pipes:N1,heat,2005-07-02 05:00:00,-132.694704269245
X1,heat_pipes:N1,heat,2005-07-02 06:00:00,-169.816300159665
X1,heat_pipes:N1,heat,2005-07-02 07:00:00,-197.4302420408
X1,heat_pipes:N1,heat,2005-07-02 08:00:00,-189.924605475362
X1,heat_pipes:N1,heat,2005-07-02 09:00:00,-182.016161978138
X1,heat_pipes:N1,heat,2005-07-02 10:00:00,-171.508259499433
X1,heat_pipes:N1,heat,2005-07-02 11:00:00,-140.004535607354
X1,heat_pipes:N1,heat,2005-07-02 12:00:00,-127.325789900052
X1,heat_pipes:N1,heat,2005-07-02 13:00:00,-126.923799339721
X1,heat_pipes:N1,heat,2005-07-02 14:00:00,-146.709741479984
X1,heat_pipes:N1,heat,2005-07-02 15:00:00,-173.586939271283
X1,heat_pipes:N1,heat,2005-07-02 16:00:00,-154.631511198316
X1,heat_pipes:N1,heat,2005-07-02 17:00:00,-208.016260723075
X1,heat_pipes:N1,heat,2005-07-02 18:00:00,-207.995536825075
X1,heat_pipes:N1,heat,2005-07-02 19:00:00,-208.050283944075
X1,heat_pipes:N1,heat,2005-07-02 20:00:00,-208.123266657075
X1,heat_pipes:N1,heat,2005-07-02 21:00:00,-175.901776229841
X1,heat_pipes:N1,heat,2005-07-02 22:00:00,-126.017043259637
X1,heat_pipes:N1,heat,2005-07-02 23:00:00,-100.179206256278
X1,power_lines:X2,electricity,2005-07-01 00:00:00,-96.4753073877551
X1,power_lines:X2,electricity,2005-07-01 01:00:00,-78.5312440612245
X1,power_lines:X2,electricity,2005-07-01 02:00:00,-79.0568878571429
X1,power_lines:X2,electricity,2005-07-01 03:00:00,-79.0568878571429
X1,power_lines:X2,electricity,2005-07-01 04:00:00,-84.4198934387755
X1,power_lines:X2,electricity,2005-07-01 05:00:00,-151.564774183673
X1,power_lines:X2,electricity,2005-07-01 06:00:00,-193.439608877551
X1,power_lines:X2,electricity,2005-07-01 07:00:00,-222.246348938511
X1,power_lines:X2,electricity,2005-07-01 08:00:00,-219.123582130864
X1,power_lines:X2,electricity,2005-07-01 09:00:00,-225.423063330966
X1,power_lines:X2,electricity,2005-07-01 10:00:00,-185.504355130546
X1,power_lines:X2,electricity,2005-07-01 11:00:00,-185.787532390349
X1,power_lines:X2,electricity,2005-07-01 12:00:00,-174.017129639955
X1,power_lines:X2,electricity,2005-07-01 13:00:00,-172.785721006456
X1,power_lines:X2,electricity,2005-07-01 14:00:00,-183.896422316123
X1,power_lines:X2,electricity,2005-07-01 15:00:00,-211.059564813631
X1,power_lines:X2,electricity,2005-07-01 16:00:00,-182.248147115363
X1,power_lines:X2,electricity,2005-07-01 17:00:00,-254.700180544997
X1,power_lines:X2,electricity,2005-07-01 18:00:00,-250.373042943638
X1,power_lines:X2,electricity,2005-07-01 19:00:00,-265.562885918367
X1,power_lines:X2,electricity,2005-07-01 20:00:00,-259.801631734694
X1,power_lines:X2,electricity,2005-07-01 21:00:00,-209.642355816327
X1,power_lines:X2,electricity,2005-07-01 22:00:00,-137.992420102041
X1,power_lines:X2,electricity,2005-07-01 23:00:00,-96.6724238061225
X1,power_lines:X2,electricity,2005-07-02 00:00:00,-104.676032142857
X1,power_lines:X2,electricity,2005-07-02 01:00:00,-87.6518454693878
X1,power_lines:X2,electricity,2005-07-02 02:00:00,-86.0749140714286
X1,power_lines:X2,electricity,2005-07-02 03:00:00,-88.4403111734694
X1,power_lines:X2,electricity,2005-07-02 04:00:00,-92.7520291428571
X1,power_lines:X2,electricity,2005-07-02 05:00:00,-150.776308469388
X1,power_lines:X2,electricity,2005-07-02 06:00:00,-203.162726122449
X1,power_lines:X2,electricity,2005-07-02 07:00:00,-243.650518061225
X1,power_lines:X2,electricity,2005-07-02 08:00:00,-239.918236632653
X1,power_lines:X2,electricity,2005-07-02 09:00:00,-236.375985306122
X1,power_lines:X2,electricity,2005-07-02 10:00:00,-227.584357176342
X1,power_lines:X2,electricity,2005-07-02 11:00:00,-189.074414048492
X1,power_lines:X2,electricity,2005-07-02 12:00:00,-170.740959508816
X1,power_lines:X2,electricity,2005-07-02 13:00:00,-164.036887778051
X1,power_lines:X2,electricity,2005-07-02 14:00:00,-181.73593525299
X1,power_lines:X2,electricity,2005-07-02 15:00:00,-210.026941126471
X1,power_lines:X2,electricity,2005-07-02 16:00:00,-181.810412973619
X1,power_lines:X2,electricity,2005-07-02 17:00:00,-249.407653263772
X1,power_lines:X2,electricity,2005-07-02 18:00:00,-251.612391640638
X1,power_lines:X2,electricity,2005-07-02 19:00:00,-274.511702093263
X1,power_lines:X2,electricity,2005-07-02 20:00:00,-250.420772653061
X1,power_lines:X2,electricity,2005-07-02 21:00:00,-200.28669122449
X1,power_lines:X2,electricity,2005-07-02 22:00:00,-138.050246836735
X1,power_lines:X2,electricity,2005-07-02 23:00:00,-105.858730714286
X1,power_lines:X3,electricity,2005-07-01 00:00:00,-19.1458286530612
X1,power_lines:X3,electricity,2005-07-01 01:00:00,-19.1458286530612
X1,power_lines:X3,electricity,2005-07-01 02:00:00,-19.1458286530612
X1,power_lines:X3,electricity,2005-07-01 03:00:00,-19.1458286530612
X1,power_lines:X3,electricity,2005-07-01 04:00:00,-19.1458286530612
X1,power_lines:X3,electricity,2005-07-01 05:00:00,-28.4438009872449
X1,power_lines:X3,electricity,2005-07-01 06:00:00,-27.1054154311225
X1,power_lines:X3,electricity,2005-07-01 07:00:00,-45.7783359923469
X1,power_lines:X3,electricity,2005-07-01 08:00:00,-41.1331243239796
X1,power_lines:X3,electricity,2005-07-01 09:00:00,-34.8159846938775
X1,power_lines:X3,electricity,2005-07-01 10:00:00,-33.4233238290817
X1,power_lines:X3,electricity,2005-07-01 11:00:00,-32.2861852882653
X1,power_lines:X3,electricity,2005-07-01 12:00:00,-34.9991535714286
X1,power_lines:X3,electricity,2005-07-01 13:00:00,-11.7341999209184
X1,power_lines:X3,electricity,2005-07-01 14:00:00,-12.4618575484694
X1,power_lines:X3,electricity,2005-07-01 15:00:00,-17.0034403316327
X1,power_lines:X3,electricity,2005-07-01 16:00:00,-13.0101704209184
X1,power_lines:X3,electricity,2005-07-01 17:00:00,-13.60424025
X1,power_lines:X3,electricity,2005-07-01 18:00:00,-18.4457178520408
X1,power_lines:X3,electricity,2005-07-01 19:00:00,-20.3121911020408
X1,power_lines:X3,electricity,2005-07-01 20:00:00,-19.1458286530612
X1,power_lines:X3,electricity,2005-07-01 21:00:00,-19.1458286530612
X1,power_lines:X3,electricity,2005-07-01 22:00:00,-19.1458286530612
X1,power_lines:X3,electricity,2005-07-01 23:00:00,-19.1458286530612
X1,power_lines:X3,electricity,2005-07-02 00:00:00,-19.1458286530612
X1,power_lines:X3,electricity,2005-07-02 01:00:00,-19.1458286530612
X1,power_lines:X3,electricity,2005-07-02 02:00:00,-19.1458286530612
X1,power_lines:X3,electricity,2005-07-02 03:00:00,-19.1458286530612
X1,power_lines:X3,electricity,2005-07-02 04:00:00,-19.1458286530612
X1,power_lines:X3,electricity,2005-07-02 05:00:00,-16.6738899209184
X1,power_lines:X3,electricity,2005-07-02 06:00:00,-10.4289918316327
X1,power_lines:X3,electricity,2005-07-02 07:00:00,-4.40093056377551
X1,power_lines:X3,electricity,2005-07-02 08:00:00,0.0
X1,power_lines:X3,electricity,2005-07-02 09:00:00,0.0
X1,power_lines:X3,electricity,2005-07-02 10:00:00,0.0
X1,power_lines:X3,electricity,2005-07-02 11:00:00,0.0
X1,power_lines:X3,electricity,2005-07-02 12:00:00,0.0
X1,power_lines:X3,electricity,2005-07-02 13:00:00,0.0
X1,power_lines:X3,electricity,2005-07-02 14:00:00,-1.5820530994898
X1,power_lines:X3,electricity,2005-07-02 15:00:00,-6.85144720663265
X1,power_lines:X3,electricity,2005-07-02 16:00:00,-11.3402289387755
X1,power_lines:X3,electricity,2005-07-02 17:00:00,-14.6789918316327
X1,power_lines:X3,electricity,2005-07-02 18:00:00,-17.2810327780612
X1,power_lines:X3,electricity,2005-07-02 19:00:00,-18.8856245280612
X1,power_lines:X3,electricity,2005-07-02 20:00:00,-19.1458286530612
X1,power_lines:X3,electricity,2005-07-02 21:00:00,-19.1458286530612
X1,power_lines:X3,electricity,2005-07-02 22:00:00,-19.1458286530612
X1,power_lines:X3,electricity,2005-07-02 23:00:00,-19.1458286530612
X2,boiler,gas,2005-07-01 00:00:00,0.0
X2,boiler,gas,2005-07-01 01:00:00,-4.80523046065197
X2,boiler,gas,2005-07-01 02:00:00,-11.306472472928
X2,boiler,gas,2005-07-01 03:00:00,-43.6110457313534
X2,boiler,gas,2005-07-01 04:00:00,-62.5593693214534
X2,boiler,gas,2005-07-01 05:00:00,-61.0509654571992
X2,boiler,gas,2005-07-01 06:00:00,-145.236845590293
X2,boiler,gas,2005-07-01 07:00:00,-226.859377644824
X2,boiler,gas,2005-07-01 08:00:00,-97.9602985779755
X2,boiler,gas,2005-07-01 09:00:00,-16.7734322725468
X2,boiler,gas,2005-07-01 10:00:00,0.0
X2,boiler,gas,2005-07-01 11:00:00,0.0
X2,boiler,gas,2005-07-01 12:00:00,0.0
X2,boiler,gas,2005-07-01 13:00:00,0.0
X2,boiler,gas,2005-07-01 14:00:00,0.0
X2,boiler,gas,2005-07-01 15:00:00,0.0
X2,boiler,gas,2005-07-01 16:00:00,0.0
X2,boiler,gas,2005-07-01 17:00:00,0.0
X2,boiler,gas,2005-07-01 18:00:00,0.0
X2,boiler,gas,2005-07-01 19:00:00,0.0
X2,boiler,gas,2005-07-01 20:00:00,0.0
X2,boiler,gas,2005-07-01 21:00:00,-101.243334325248
X2,boiler,gas,2005-07-01 22:00:00,-55.4783513723631
X2,boiler,gas,2005-07-01 23:00:00,-22.6104683901418
X2,boiler,gas,2005-07-02 00:00:00,0.0
X2,boiler,gas,2005-07-02 01:00:00,-18.0271769803504
X2,boiler,gas,2005-07-02 02:00:00,-23.5771774310699
X2,boiler,gas,2005-07-02 03:00:00,-40.563676014673
X2,boiler,gas,2005-07-02 04:00:00,-60.1668160154231
X2,boiler,gas,2005-07-02 05:00:00,-55.169512056886
X2,boiler,gas,2005-07-02 06:00:00,-125.341287688728
X2,boiler,gas,2005-07-02 07:00:00,-215.204150036204
X2,boiler,gas,2005-07-02 08:00:00,-99.9955420604268
X2,boiler,gas,2005-07-02 09:00:00,-38.2527007143551
X2,boiler,gas,2005-07-02 10:00:00,0.0
X2,boiler,gas,2005-07-02 11:00:00,0.0
X2,boiler,gas,2005-07-02 12:00:00,0.0
X2,boiler,gas,2005-07-02 13:00:00,0.0
X2,boiler,gas,2005-07-02 14:00:00,0.0
X2,boiler,gas,2005-07-02 15:00:00,0.0
X2,boiler,gas,2005-07-02 16:00:00,0.0
X2,boiler,gas,2005-07-02 17:00:00,0.0
X2,boiler,gas,2005-07-02 18:00:00,0.0
X2,boiler,gas,2005-07-02 19:00:00,0.0
X2,boiler,gas,2005-07-02 20:00:00,0.0
X2,boiler,gas,2005-07-02 21:00:00,-105.634767047614
X2,boiler,gas,2005-07-02 22:00:00,-41.5520154667067
X2,boiler,gas,2005-07-02 23:00:00,-1.04421454541633
X2,demand_electricity,electricity,2005-07-01 00:00:00,-94.54580124
X2,demand_electricity,electricity,2005-07-01 01:00:00,-76.96061918
X2,demand_electricity,electricity,2005-07-01 02:00:00,-77.4757501
X2,demand_electricity,electricity,2005-07-01 03:00:00,-77.4757501
X2,demand_electricity,electricity,2005-07-01 04:00:00,-82.73149557
X2,demand_electricity,electricity,2005-07-01 05:00:00,-148.5334787
X2,demand_electricity,electricity,2005-07-01 06:00:00,-189.5708167
X2,demand_electricity,electricity,2005-07-01 07:00:00,-238.7347112
X2,demand_electricity,electricity,2005-07-01 08:00:00,-244.2844926
X2,demand_electricity,electricity,2005-07-01 09:00:00,-231.4401809
X2,demand_electricity,electricity,2005-07-01 10:00:00,-222.5307714
X2,demand_electricity,electricity,2005-07-01 11:00:00,-222.593033
X2,demand_electricity,electricity,2005-07-01 12:00:00,-204.439029
X2,demand_electricity,electricity,2005-07-01 13:00:00,-196.1289216
X2,demand_electricity,electricity,2005-07-01 14:00:00,-204.4881939
X2,demand_electricity,electricity,2005-07-01 15:00:00,-225.9420179
X2,demand_electricity,electricity,2005-07-01 16:00:00,-193.1327166
X2,demand_electricity,electricity,2005-07-01 17:00:00,-259.507784
X2,demand_electricity,electricity,2005-07-01 18:00:00,-249.0248718
X2,demand_electricity,electricity,2005-07-01 19:00:00,-260.2516282
X2,demand_electricity,electricity,2005-07-01 20:00:00,-254.6055991
X2,demand_electricity,electricity,2005-07-01 21:00:00,-205.4495087
X2,demand_electricity,electricity,2005-07-01 22:00:00,-135.2325717
X2,demand_electricity,electricity,2005-07-01 23:00:00,-94.73897533
X2,demand_electricity,electricity,2005-07-02 00:00:00,-102.5825115
X2,demand_electricity,electricity,2005-07-02 01:00:00,-85.89880856
X2,demand_electricity,electricity,2005-07-02 02:00:00,-84.35341579
X2,demand_electricity,electricity,2005-07-02 03:00:00,-86.67150495
X2,demand_electricity,electricity,2005-07-02 04:00:00,-90.89698856
X2,demand_electricity,electricity,2005-07-02 05:00:00,-147.7607823
X2,demand_electricity,electricity,2005-07-02 06:00:00,-199.0994716
X2,demand_electricity,electricity,2005-07-02 07:00:00,-238.7775077
X2,demand_electricity,electricity,2005-07-02 08:00:00,-235.1198719
X2,demand_electricity,electricity,2005-07-02 09:00:00,-231.6484656
X2,demand_electricity,electricity,2005-07-02 10:00:00,-227.1718411
X2,demand_electricity,electricity,2005-07-02 11:00:00,-227.2133169
X2,demand_electricity,electricity,2005-07-02 12:00:00,-199.8384081
X2,demand_electricity,electricity,2005-07-02 13:00:00,-191.5372333
X2,demand_electricity,electricity,2005-07-02 14:00:00,-199.895515
X2,demand_electricity,electricity,2005-07-02 15:00:00,-221.32457
X2,demand_electricity,electricity,2005-07-02 16:00:00,-188.3448773
X2,demand_electricity,electricity,2005-07-02 17:00:00,-249.9622478
X2,demand_electricity,electricity,2005-07-02 18:00:00,-248.8941063
X2,demand_electricity,electricity,2005-07-02 19:00:00,-269.3443466
X2,demand_electricity,electricity,2005-07-02 20:00:00,-245.4123572
X2,demand_electricity,electricity,2005-07-02 21:00:00,-196.2809574
X2,demand_electricity,electricity,2005-07-02 22:00:00,-135.2892419
X2,demand_electricity,electricity,2005-07-02 23:00:00,-103.7415561
X2,demand_heat,heat,2005-07-01 00:00:00,-64.73199077
X2,demand_heat,heat,2005-07-01 01:00:00,-70.45343925
X2,demand_heat,heat,2005-07-01 02:00:00,-77.19297585
X2,demand_heat,heat,2005-07-01 03:00:00,-104.5564355
X2,demand_heat,heat,2005-07-01 04:00:00,-123.2284445
X2,demand_heat,heat,2005-07-01 05:00:00,-167.6688186
X2,demand_heat,heat,2005-07-01 06:00:00,-264.8870916
X2,demand_heat,heat,2005-07-01 07:00:00,-365.1376749
X2,demand_heat,heat,2005-07-01 08:00:00,-258.172589
X2,demand_heat,heat,2005-07-01 09:00:00,-190.5855777
X2,demand_heat,heat,2005-07-01 10:00:00,-148.1871155
X2,demand_heat,heat,2005-07-01 11:00:00,-113.1216255
X2,demand_heat,heat,2005-07-01 12:00:00,-109.1661068
X2,demand_heat,heat,2005-07-01 13:00:00,-108.9995228
X2,demand_heat,heat,2005-07-01 14:00:00,-113.7788461
X2,demand_heat,heat,2005-07-01 15:00:00,-82.16241736
X2,demand_heat,heat,2005-07-01 16:00:00,-105.6343708
X2,demand_heat,heat,2005-07-01 17:00:00,-128.4753408
X2,demand_heat,heat,2005-07-01 18:00:00,-167.4087829
X2,demand_heat,heat,2005-07-01 19:00:00,-163.4062675
X2,demand_heat,heat,2005-07-01 20:00:00,-168.5093556
X2,demand_heat,heat,2005-07-01 21:00:00,-242.732229
X2,demand_heat,heat,2005-07-01 22:00:00,-155.3739116
X2,demand_heat,heat,2005-07-01 23:00:00,-98.126256
X2,demand_heat,heat,2005-07-02 00:00:00,-83.26996156
X2,demand_heat,heat,2005-07-02 01:00:00,-88.82434081
X2,demand_heat,heat,2005-07-02 02:00:00,-91.41326703
X2,demand_heat,heat,2005-07-02 03:00:00,-108.0436125
X2,demand_heat,heat,2005-07-02 04:00:00,-126.4984378
X2,demand_heat,heat,2005-07-02 05:00:00,-160.8878994
X2,demand_heat,heat,2005-07-02 06:00:00,-252.423895
X2,demand_heat,heat,2005-07-02 07:00:00,-351.6632413
X2,demand_heat,heat,2005-07-02 08:00:00,-248.1544189
X2,demand_heat,heat,2005-07-02 09:00:00,-188.0127586
X2,demand_heat,heat,2005-07-02 10:00:00,-147.3213091
X2,demand_heat,heat,2005-07-02 11:00:00,-111.7065923
X2,demand_heat,heat,2005-07-02 12:00:00,-108.4990864
X2,demand_heat,heat,2005-07-02 13:00:00,-108.1538006
X2,demand_heat,heat,2005-07-02 14:00:00,-105.2610253
X2,demand_heat,heat,2005-07-02 15:00:00,-84.61441655
X2,demand_heat,heat,2005-07-02 16:00:00,-104.5498745
X2,demand_heat,heat,2005-07-02 17:00:00,-122.6464505
X2,demand_heat,heat,2005-07-02 18:00:00,-166.4425066
X2,demand_heat,heat,2005-07-02 19:00:00,-161.0998892
X2,demand_heat,heat,2005-07-02 20:00:00,-166.9310785
X2,demand_heat,heat,2005-07-02 21:00:00,-240.0348329
X2,demand_heat,heat,2005-07-02 22:00:00,-143.5764604
X2,demand_heat,heat,2005-07-02 23:00:00,-86.08201431
X2,heat_pipes:N1,heat,2005-07-01 00:00:00,0.0
X2,heat_pipes:N1,heat,2005-07-01 01:00:00,0.0
X2,heat_pipes:N1,heat,2005-07-01 02:00:00,0.0
X2,heat_pipes:N1,heat,2005-07-01 03:00:00,0.0
X2,heat_pipes:N1,heat,2005-07-01 04:00:00,0.0
X2,heat_pipes:N1,heat,2005-07-01 05:00:00,0.0
X2,heat_pipes:N1,heat,2005-07-01 06:00:00,0.0
X2,heat_pipes:N1,heat,2005-07-01 07:00:00,0.0
X2,heat_pipes:N1,heat,2005-07-01 08:00:00,0.0
X2,heat_pipes:N1,heat,2005-07-01 09:00:00,0.0
X2,heat_pipes:N1,heat,2005-07-01 10:00:00,0.0
X2,heat_pipes:N1,heat,2005-07-01 11:00:00,0.0
X2,heat_pipes:N1,heat,2005-07-01 12:00:00,0.0
X2,heat_pipes:N1,heat,2005-07-01 13:00:00,0.0
X2,heat_pipes:N1,heat,2005-07-01 14:00:00,0.0
X2,heat_pipes:N1,heat,2005-07-01 15:00:00,-94.1657429083351
X2,heat_pipes:N1,heat,2005-07-01 16:00:00,0.0
X2,heat_pipes:N1,heat,2005-07-01 17:00:00,0.0
X2,heat_pipes:N1,heat,2005-07-01 18:00:00,0.0
X2,heat_pipes:N1,heat,2005-07-01 19:00:00,-12.9218927683351
X2,heat_pipes:N1,heat,2005-07-01 20:00:00,0.0
X2,heat_pipes:N1,heat,2005-07-01 21:00:00,0.0
X2,heat_pipes:N1,heat,2005-07-01 22:00:00,0.0
X2,heat_pipes:N1,heat,2005-07-01 23:00:00,0.0
X2,heat_pipes:N1,heat,2005-07-02 00:00:00,0.0
X2,heat_pipes:N1,heat,2005-07-02 01:00:00,0.0
X2,heat_pipes:N1,heat,2005-07-02 02:00:00,0.0
X2,heat_pipes:N1,heat,2005-07-02 03:00:00,0.0
X2,heat_pipes:N1,heat,2005-07-02 04:00:00,0.0
X2,heat_pipes:N1,heat,2005-07-02 05:00:00,0.0
X2,heat_pipes:N1,heat,2005-07-02 06:00:00,0.0
X2,heat_pipes:N1,heat,2005-07-02 07:00:00,0.0
X2,heat_pipes:N1,heat,2005-07-02 08:00:00,0.0
X2,heat_pipes:N1,heat,2005-07-02 09:00:00,0.0
X2,heat_pipes:N1,heat,2005-07-02 10:00:00,0.0
X2,heat_pipes:N1,heat,2005-07-02 11:00:00,0.0
X2,heat_pipes:N1,heat,2005-07-02 12:00:00,0.0
X2,heat_pipes:N1,heat,2005-07-02 13:00:00,0.0
X2,heat_pipes:N1,heat,2005-07-02 14:00:00,0.0
X2,heat_pipes:N1,heat,2005-07-02 15:00:00,-55.1855798001841
X2,heat_pipes:N1,heat,2005-07-02 16:00:00,0.0
X2,heat_pipes:N1,heat,2005-07-02 17:00:00,-53.6817097683351
X2,heat_pipes:N1,heat,2005-07-02 18:00:00,0.0
X2,heat_pipes:N1,heat,2005-07-02 19:00:00,-15.2282710683351
X2,heat_pipes:N1,heat,2005-07-02 20:00:00,0.0
X2,heat_pipes:N1,heat,2005-07-02 21:00:00,0.0
X2,heat_pipes:N1,heat,2005-07-02 22:00:00,0.0
X2,heat_pipes:N1,heat,2005-07-02 23:00:00,0.0
X2,power_lines:X1,electricity,2005-07-01 00:00:00,0.0
X2,power_lines:X1,electricity,2005-07-01 01:00:00,0.0
X2,power_lines:X1,electricity,2005-07-01 02:00:00,0.0
X2,power_lines:X1,electricity,2005-07-01 03:00:00,0.0
X2,power_lines:X1,electricity,2005-07-01 04:00:00,0.0
X2,power_lines:X1,electricity,2005-07-01 05:00:00,0.0
X2,power_lines:X1,electricity,2005-07-01 06:00:00,0.0
X2,power_lines:X1,electricity,2005-07-01 07:00:00,0.0
X2,power_lines:X1,electricity,2005-07-01 08:00:00,0.0
X2,power_lines:X1,electricity,2005-07-01 09:00:00,0.0
X2,power_lines:X1,electricity,2005-07-01 10:00:00,0.0
X2,power_lines:X1,electricity,2005-07-01 11:00:00,0.0
X2,power_lines:X1,electricity,2005-07-01 12:00:00,0.0
X2,power_lines:X1,electricity,2005-07-01 13:00:00,0.0
X2,power_lines:X1,electricity,2005-07-01 14:00:00,0.0
X2,power_lines:X1,electricity,2005-07-01 15:00:00,0.0
X2,power_lines:X1,electricity,2005-07-01 16:00:00,0.0
X2,power_lines:X1,electricity,2005-07-01 17:00:00,0.0
X2,power_lines:X1,electricity,2005-07-01 18:00:00,0.0
X2,power_lines:X1,electricity,2005-07-01 19:00:00,0.0
X2,power_lines:X1,electricity,2005-07-01 20:00:00,0.0
X2,power_lines:X1,electricity,2005-07-01 21:00:00,0.0
X2,power_lines:X1,electricity,2005-07-01 22:00:00,0.0
X2,power_lines:X1,electricity,2005-07-01 23:00:00,0.0
X2,power_lines:X1,electricity,2005-07-02 00:00:00,0.0
X2,power_lines:X1,electricity,2005-07-02 01:00:00,0.0
X2,power_lines:X1,electricity,2005-07-02 02:00:00,0.0
X2,power_lines:X1,electricity,2005-07-02 03:00:00,0.0
X2,power_lines:X1,electricity,2005-07-02 04:00:00,0.0
X2,power_lines:X1,electricity,2005-07-02 05:00:00,0.0
X2,power_lines:X1,electricity,2005-07-02 06:00:00,0.0
X2,power_lines:X1,electricity,2005-07-02 07:00:00,0.0
X2,power_lines:X1,electricity,2005-07-02 08:00:00,0.0
X2,power_lines:X1,electricity,2005-07-02 09:00:00,0.0
X2,power_lines:X1,electricity,2005-07-02 10:00:00,0.0
X2,power_lines:X1,electricity,2005-07-02 11:00:00,0.0
X2,power_lines:X1,electricity,2005-07-02 12:00:00,0.0
X2,power_lines:X1,electricity,2005-07-02 13:00:00,0.0
X2,power_lines:X1,electricity,2005-07-02 14:00:00,0.0
X2,power_lines:X1,electricity,2005-07-02 15:00:00,0.0
X2,power_lines:X1,electricity,2005-07-02 16:00:00,0.0
X2,power_lines:X1,electricity,2005-07-02 17:00:00,0.0
X2,power_lines:X1,electricity,2005-07-02 18:00:00,0.0
X2,power_lines:X1,electricity,2005-07-02 19:00:00,0.0
X2,power_lines:X1,electricity,2005-07-02 20:00:00,0.0
X2,power_lines:X1,electricity,2005-07-02 21:00:00,0.0
X2,power_lines:X1,electricity,2005-07-02 22:00:00,0.0
X2,power_lines:X1,electricity,2005-07-02 23:00:00,0.0
X3,boiler,gas,2005-07-01 00:00:00,0.0
X3,boiler,gas,2005-07-01 01:00:00,-0.0183529411764706
X3,boiler,gas,2005-07-01 02:00:00,-0.0183529411764706
X3,boiler,gas,2005-07-01 03:00:00,-0.0183529411764706
X3,boiler,gas,2005-07-01 04:00:00,-0.0183529411764706
X3,boiler,gas,2005-07-01 05:00:00,-0.0183529411764706
X3,boiler,gas,2005-07-01 06:00:00,-0.0183529411764706
X3,boiler,gas,2005-07-01 07:00:00,-0.0183529411764706
X3,boiler,gas,2005-07-01 08:00:00,-0.0183529411764706
X3,boiler,gas,2005-07-01 09:00:00,-0.0183529411764706
X3,boiler,gas,2005-07-01 10:00:00,0.0
X3,boiler,gas,2005-07-01 11:00:00,0.0
X3,boiler,gas,2005-07-01 12:00:00,0.0
X3,boiler,gas,2005-07-01 13:00:00,0.0
X3,boiler,gas,2005-07-01 14:00:00,0.0
X3,boiler,gas,2005-07-01 15:00:00,0.0
X3,boiler,gas,2005-07-01 16:00:00,0.0
X3,boiler,gas,2005-07-01 17:00:00,0.0
X3,boiler,gas,2005-07-01 18:00:00,0.0
X3,boiler,gas,2005-07-01 19:00:00,0.0
X3,boiler,gas,2005-07-01 20:00:00,0.0
X3,boiler,gas,2005-07-01 21:00:00,-0.0183529411764706
X3,boiler,gas,2005-07-01 22:00:00,-0.0183529411764706
X3,boiler,gas,2005-07-01 23:00:00,-0.0183529411764706
X3,boiler,gas,2005-07-02 00:00:00,0.0
X3,boiler,gas,2005-07-02 01:00:00,-0.0183529411764706
X3,boiler,gas,2005-07-02 02:00:00,-0.0183529411764706
X3,boiler,gas,2005-07-02 03:00:00,-0.0183529411764706
X3,boiler,gas,2005-07-02 04:00:00,-0.0183529411764706
X3,boiler,gas,2005-07-02 05:00:00,-0.0183529411764706
X3,boiler,gas,2005-07-02 06:00:00,-0.0183529411764706
X3,boiler,gas,2005-07-02 07:00:00,-0.0183529411764706
X3,boiler,gas,2005-07-02 08:00:00,-0.0183529411764706
X3,boiler,gas,2005-07-02 09:00:00,-0.0183529411764706
X3,boiler,gas,2005-07-02 10:00:00,0.0
X3,boiler,gas,2005-07-02 11:00:00,0.0
X3,boiler,gas,2005-07-02 12:00:00,0.0
X3,boiler,gas,2005-07-02 13:00:00,0.0
X3,boiler,gas,2005-07-02 14:00:00,0.0
X3,boiler,gas,2005-07-02 15:00:00,0.0
X3,boiler,gas,2005-07-02 16:00:00,0.0
X3,boiler,gas,2005-07-02 17:00:00,0.0
X3,boiler,gas,2005-07-02 18:00:00,0.0
X3,boiler,gas,2005-07-02 19:00:00,0.0
X3,boiler,gas,2005-07-02 20:00:00,0.0
X3,boiler,gas,2005-07-02 21:00:00,-0.0183529411764706
X3,boiler,gas,2005-07-02 22:00:00,-0.0183529411764706
X3,boiler,gas,2005-07-02 23:00:00,-0.0183529411764706
X3,demand_electricity,electricity,2005-07-01 00:00:00,-18.76291208
X3,demand_electricity,electricity,2005-07-01 01:00:00,-18.76291208
X3,demand_electricity,electricity,2005-07-01 02:00:00,-18.76291208
X3,demand_electricity,electricity,2005-07-01 03:00:00,-18.76291208
X3,demand_electricity,electricity,2005-07-01 04:00:00,-18.76291208
X3,demand_electricity,electricity,2005-07-01 05:00:00,-30.21242501
X3,demand_electricity,electricity,2005-07-01 06:00:00,-35.23330708
X3,demand_electricity,electricity,2005-07-01 07:00:00,-61.3952694
X3,demand_electricity,electricity,2005-07-01 08:00:00,-63.64296171
X3,demand_electricity,electricity,2005-07-01 09:00:00,-62.679665
X3,demand_electricity,electricity,2005-07-01 10:00:00,-64.92735731
X3,demand_electricity,electricity,2005-07-01 11:00:00,-63.64296171
X3,demand_electricity,electricity,2005-07-01 12:00:00,-61.0741705
X3,demand_electricity,electricity,2005-07-01 13:00:00,-32.66451588
X3,demand_electricity,electricity,2005-07-01 14:00:00,-31.38012027
X3,demand_electricity,electricity,2005-07-01 15:00:00,-31.75087161
X3,demand_electricity,electricity,2005-07-01 16:00:00,-24.22496714
X3,demand_electricity,electricity,2005-07-01 17:00:00,-21.15215536
X3,demand_electricity,electricity,2005-07-01 18:00:00,-20.96680358
X3,demand_electricity,electricity,2005-07-01 19:00:00,-19.90594728
X3,demand_electricity,electricity,2005-07-01 20:00:00,-18.76291208
X3,demand_electricity,electricity,2005-07-01 21:00:00,-18.76291208
X3,demand_electricity,electricity,2005-07-01 22:00:00,-18.76291208
X3,demand_electricity,electricity,2005-07-01 23:00:00,-18.76291208
X3,demand_electricity,electricity,2005-07-02 00:00:00,-18.76291208
X3,demand_electricity,electricity,2005-07-02 01:00:00,-18.76291208
X3,demand_electricity,electricity,2005-07-02 02:00:00,-18.76291208
X3,demand_electricity,electricity,2005-07-02 03:00:00,-18.76291208
X3,demand_electricity,electricity,2005-07-02 04:00:00,-18.76291208
X3,demand_electricity,electricity,2005-07-02 05:00:00,-18.76291208
X3,demand_electricity,electricity,2005-07-02 06:00:00,-18.76291208
X3,demand_electricity,electricity,2005-07-02 07:00:00,-18.76291208
X3,demand_electricity,electricity,2005-07-02 08:00:00,-18.76291208
X3,demand_electricity,electricity,2005-07-02 09:00:00,-18.76291208
X3,demand_electricity,electricity,2005-07-02 10:00:00,-18.76291208
X3,demand_electricity,electricity,2005-07-02 11:00:00,-18.76291208
X3,demand_electricity,electricity,2005-07-02 12:00:00,-18.76291208
X3,demand_electricity,electricity,2005-07-02 13:00:00,-18.76291208
X3,demand_electricity,electricity,2005-07-02 14:00:00,-18.76291208
X3,demand_electricity,electricity,2005-07-02 15:00:00,-18.95441822
X3,demand_electricity,electricity,2005-07-02 16:00:00,-19.14592436
X3,demand_electricity,electricity,2005-07-02 17:00:00,-18.76291208
X3,demand_electricity,electricity,2005-07-02 18:00:00,-18.76291208
X3,demand_electricity,electricity,2005-07-02 19:00:00,-18.76291208
X3,demand_electricity,electricity,2005-07-02 20:00:00,-18.76291208
X3,demand_electricity,electricity,2005-07-02 21:00:00,-18.76291208
X3,demand_electricity,electricity,2005-07-02 22:00:00,-18.76291208
X3,demand_electricity,electricity,2005-07-02 23:00:00,-18.76291208
X3,demand_heat,heat,2005-07-01 00:00:00,-0.0156
X3,demand_heat,heat,2005-07-01 01:00:00,-0.860322027
X3,demand_heat,heat,2005-07-01 02:00:00,-0.0156
X3,demand_heat,heat,2005-07-01 03:00:00,-0.0156
X3,demand_heat,heat,2005-07-01 04:00:00,-0.860406948
X3,demand_heat,heat,2005-07-01 05:00:00,-7.263326705
X3,demand_heat,heat,2005-07-01 06:00:00,-9.398229082
X3,demand_heat,heat,2005-07-01 07:00:00,-5.792841754
X3,demand_heat,heat,2005-07-01 08:00:00,-3.322585114
X3,demand_heat,heat,2005-07-01 09:00:00,-1.927263888
X3,demand_heat,heat,2005-07-01 10:00:00,-1.621618801
X3,demand_heat,heat,2005-07-01 11:00:00,-1.379517395
X3,demand_heat,heat,2005-07-01 12:00:00,-1.173584337
X3,demand_heat,heat,2005-07-01 13:00:00,-1.405689025
X3,demand_heat,heat,2005-07-01 14:00:00,-1.171135353
X3,demand_heat,heat,2005-07-01 15:00:00,-1.256352762
X3,demand_heat,heat,2005-07-01 16:00:00,-0.7781783
X3,demand_heat,heat,2005-07-01 17:00:00,-0.860429186
X3,demand_heat,heat,2005-07-01 18:00:00,-0.0156
X3,demand_heat,heat,2005-07-01 19:00:00,-0.860416964
X3,demand_heat,heat,2005-07-01 20:00:00,-0.0156
X3,demand_heat,heat,2005-07-01 21:00:00,-0.860321406
X3,demand_heat,heat,2005-07-01 22:00:00,-0.0156
X3,demand_heat,heat,2005-07-01 23:00:00,-0.834671551
X3,demand_heat,heat,2005-07-02 00:00:00,-0.041228722
X3,demand_heat,heat,2005-07-02 01:00:00,-0.0156
X3,demand_heat,heat,2005-07-02 02:00:00,-0.860291287
X3,demand_heat,heat,2005-07-02 03:00:00,-0.0156
X3,demand_heat,heat,2005-07-02 04:00:00,-0.860386481
X3,demand_heat,heat,2005-07-02 05:00:00,-0.0156
X3,demand_heat,heat,2005-07-02 06:00:00,-0.0156
X3,demand_heat,heat,2005-07-02 07:00:00,-0.860290111
X3,demand_heat,heat,2005-07-02 08:00:00,-0.0156
X3,demand_heat,heat,2005-07-02 09:00:00,-0.860293236
X3,demand_heat,heat,2005-07-02 10:00:00,-0.0156
X3,demand_heat,heat,2005-07-02 11:00:00,-0.0156
X3,demand_heat,heat,2005-07-02 12:00:00,-0.860402016
X3,demand_heat,heat,2005-07-02 13:00:00,-0.860351757
X3,demand_heat,heat,2005-07-02 14:00:00,-0.0156
X3,demand_heat,heat,2005-07-02 15:00:00,-0.0156
X3,demand_heat,heat,2005-07-02 16:00:00,-0.860335361
X3,demand_heat,heat,2005-07-02 17:00:00,-0.0156
X3,demand_heat,heat,2005-07-02 18:00:00,-0.0156
X3,demand_heat,heat,2005-07-02 19:00:00,-0.860291122
X3,demand_heat,heat,2005-07-02 20:00:00,-0.0156
X3,demand_heat,heat,2005-07-02 21:00:00,-0.860300165
X3,demand_heat,heat,2005-07-02 22:00:00,-0.0156
X3,demand_heat,heat,2005-07-02 23:00:00,-0.860289856
X3,heat_pipes:N1,heat,2005-07-01 00:00:00,-78.9219980296857
X3,heat_pipes:N1,heat,2005-07-01 01:00:00,0.0
X3,heat_pipes:N1,heat,2005-07-01 02:00:00,0.0
X3,heat_pipes:N1,heat,2005-07-01 03:00:00,0.0
X3,heat_pipes:N1,heat,2005-07-01 04:00:00,0.0
X3,heat_pipes:N1,heat,2005-07-01 05:00:00,0.0
X3,heat_pipes:N1,heat,2005-07-01 06:00:00,0.0
X3,heat_pipes:N1,heat,2005-07-01 07:00:00,0.0
X3,heat_pipes:N1,heat,2005-07-01 08:00:00,0.0
X3,heat_pipes:N1,heat,2005-07-01 09:00:00,0.0
X3,heat_pipes:N1,heat,2005-07-01 10:00:00,-2.51805846278213
X3,heat_pipes:N1,heat,2005-07-01 11:00:00,-187.864616002114
X3,heat_pipes:N1,heat,2005-07-01 12:00:00,-177.020750182591
X3,heat_pipes:N1,heat,2005-07-01 13:00:00,-87.250193938409
X3,heat_pipes:N1,heat,2005-07-01 14:00:00,-106.434720953578
X3,heat_pipes:N1,heat,2005-07-01 15:00:00,-300.356663853611
X3,heat_pipes:N1,heat,2005-07-01 16:00:00,-148.124932120992
X3,heat_pipes:N1,heat,2005-07-01 17:00:00,-262.391345523272
X3,heat_pipes:N1,heat,2005-07-01 18:00:00,-59.8679511448793
X3,heat_pipes:N1,heat,2005-07-01 19:00:00,-67.1101927133143
X3,heat_pipes:N1,heat,2005-07-01 20:00:00,-54.5982724719478
X3,heat_pipes:N1,heat,2005-07-01 21:00:00,0.0
X3,heat_pipes:N1,heat,2005-07-01 22:00:00,0.0
X3,heat_pipes:N1,heat,2005-07-01 23:00:00,0.0
X3,heat_pipes:N1,heat,2005-07-02 00:00:00,-10.167343797684
X3,heat_pipes:N1,heat,2005-07-02 01:00:00,0.0
X3,heat_pipes:N1,heat,2005-07-02 02:00:00,0.0
X3,heat_pipes:N1,heat,2005-07-02 03:00:00,0.0
X3,heat_pipes:N1,heat,2005-07-02 04:00:00,0.0
X3,heat_pipes:N1,heat,2005-07-02 05:00:00,0.0
X3,heat_pipes:N1,heat,2005-07-02 06:00:00,0.0
X3,heat_pipes:N1,heat,2005-07-02 07:00:00,0.0
X3,heat_pipes:N1,heat,2005-07-02 08:00:00,0.0
X3,heat_pipes:N1,heat,2005-07-02 09:00:00,0.0
X3,heat_pipes:N1,heat,2005-07-02 10:00:00,0.0
X3,heat_pipes:N1,heat,2005-07-02 11:00:00,-45.471374960783
X3,heat_pipes:N1,heat,2005-07-02 12:00:00,0.0
X3,heat_pipes:N1,heat,2005-07-02 13:00:00,0.0
X3,heat_pipes:N1,heat,2005-07-02 14:00:00,-110.378759567275
X3,heat_pipes:N1,heat,2005-07-02 15:00:00,-301.597416615611
X3,heat_pipes:N1,heat,2005-07-02 16:00:00,-145.74231656007
X3,heat_pipes:N1,heat,2005-07-02 17:00:00,-257.763451192444
X3,heat_pipes:N1,heat,2005-07-02 18:00:00,-65.0034711723984
X3,heat_pipes:N1,heat,2005-07-02 19:00:00,-77.6445778463887
X3,heat_pipes:N1,heat,2005-07-02 20:00:00,-62.9888772120782
X3,heat_pipes:N1,heat,2005-07-02 21:00:00,0.0
X3,heat_pipes:N1,heat,2005-07-02 22:00:00,0.0
X3,heat_pipes:N1,heat,2005-07-02 23:00:00,0.0
X3,power_lines:X1,electricity,2005-07-01 00:00:00,0.0
X3,power_lines:X1,electricity,2005-07-01 01:00:00,0.0
X3,power_lines:X1,electricity,2005-07-01 02:00:00,0.0
X3,power_lines:X1,electricity,2005-07-01 03:00:00,0.0
X3,power_lines:X1,electricity,2005-07-01 04:00:00,0.0
X3,power_lines:X1,electricity,2005-07-01 05:00:00,0.0
X3,power_lines:X1,electricity,2005-07-01 06:00:00,0.0
X3,power_lines:X1,electricity,2005-07-01 07:00:00,0.0
X3,power_lines:X1,electricity,2005-07-01 08:00:00,0.0
X3,power_lines:X1,electricity,2005-07-01 09:00:00,0.0
X3,power_lines:X1,electricity,2005-07-01 10:00:00,0.0
X3,power_lines:X1,electricity,2005-07-01 11:00:00,0.0
X3,power_lines:X1,electricity,2005-07-01 12:00:00,0.0
X3,power_lines:X1,electricity,2005-07-01 13:00:00,0.0
X3,power_lines:X1,electricity,2005-07-01 14:00:00,0.0
X3,power_lines:X1,electricity,2005-07-01 15:00:00,0.0
X3,power_lines:X1,electricity,2005-07-01 16:00:00,0.0
X3,power_lines:X1,electricity,2005-07-01 17:00:00,0.0
X3,power_lines:X1,electricity,2005-07-01 18:00:00,0.0
X3,power_lines:X1,electricity,2005-07-01 19:00:00,0.0
X3,power_lines:X1,electricity,2005-07-01 20:00:00,0.0
X3,power_lines:X1,electricity,2005-07-01 21:00:00,0.0
X3,power_lines:X1,electricity,2005-07-01 22:00:00,0.0
X3,power_lines:X1,electricity,2005-07-01 23:00:00,0.0
X3,power_lines:X1,electricity,2005-07-02 00:00:00,0.0
X3,power_lines:X1,electricity,2005-07-02 01:00:00,0.0
X3,power_lines:X1,electricity,2005-07-02 02:00:00,0.0
X3,power_lines:X1,electricity,2005-07-02 03:00:00,0.0
X3,power_lines:X1,electricity,2005-07-02 04:00:00,0.0
X3,power_lines:X1,electricity,2005-07-02 05:00:00,0.0
X3,power_lines:X1,electricity,2005-07-02 06:00:00,0.0
X3,power_lines:X1,electricity,2005-07-02 07:00:00,0.0
X3,power_lines:X1,electricity,2005-07-02 08:00:00,-1.5095878775
X3,power_lines:X1,electricity,2005-07-02 09:00:00,-8.05458787749999
X3,power_lines:X1,electricity,2005-07-02 10:00:00,-13.2395880475
X3,power_lines:X1,electricity,2005-07-02 11:00:00,-14.344587835
X3,power_lines:X1,electricity,2005-07-02 12:00:00,-11.8370879625
X3,power_lines:X1,electricity,2005-07-02 13:00:00,-5.54708800500001
X3,power_lines:X1,electricity,2005-07-02 14:00:00,0.0
X3,power_lines:X1,electricity,2005-07-02 15:00:00,0.0
X3,power_lines:X1,electricity,2005-07-02 16:00:00,0.0
X3,power_lines:X1,electricity,2005-07-02 17:00:00,0.0
X3,power_lines:X1,electricity,2005-07-02 18:00:00,0.0
X3,power_lines:X1,electricity,2005-07-02 19:00:00,0.0
X3,power_lines:X1,electricity,2005-07-02 20:00:00,0.0
X3,power_lines:X1,electricity,2005-07-02 21:00:00,0.0
X3,power_lines:X1,electricity,2005-07-02 22:00:00,0.0
X3,power_lines:X1,electricity,2005-07-02 23:00:00,0.0
