N1,heat_pipes:X1,heat,2005-07-01 00:00:00,85.8697984070526
N1,heat_pipes:X1,heat,2005-07-01 01:00:00,72.5410744478899
N1,heat_pipes:X1,heat,2005-07-01 02:00:00,72.9155641847084
N1,heat_pipes:X1,heat,2005-07-01 03:00:00,72.8126061500426
N1,heat_pipes:X1,heat,2005-07-01 04:00:00,76.5158676216443
N1,heat_pipes:X1,heat,2005-07-01 05:00:00,132.931777069917
N1,heat_pipes:X1,heat,2005-07-01 06:00:00,162.97939713144
N1,heat_pipes:X1,heat,2005-07-01 07:00:00,192.297326722135
N1,heat_pipes:X1,heat,2005-07-01 08:00:00,192.368032974607
N1,heat_pipes:X1,heat,2005-07-01 09:00:00,192.358027536922
N1,heat_pipes:X1,heat,2005-07-01 10:00:00,162.186236433419
N1,heat_pipes:X1,heat,2005-07-01 11:00:00,161.690493225612
N1,heat_pipes:X1,heat,2005-07-01 12:00:00,154.994855171136
N1,heat_pipes:X1,heat,2005-07-01 13:00:00,136.858522424361
N1,heat_pipes:X1,heat,2005-07-01 14:00:00,145.647768195742
N1,heat_pipes:X1,heat,2005-07-01 15:00:00,192.901463325269
N1,heat_pipes:X1,heat,2005-07-01 16:00:00,144.884235282251
N1,heat_pipes:X1,heat,2005-07-01 17:00:00,192.802037307176
N1,heat_pipes:X1,heat,2005-07-01 18:00:00,192.783200921128
N1,heat_pipes:X1,heat,2005-07-01 19:00:00,192.833874469765
N1,heat_pipes:X1,heat,2005-07-01 20:00:00,192.901463325269
N1,heat_pipes:X1,heat,2005-07-01 21:00:00,169.973763013154
N1,heat_pipes:X1,heat,2005-07-01 22:00:00,116.756992325283
N1,heat_pipes:X1,heat,2005-07-01 23:00:00,86.0404861892026
N1,heat_pipes:X1,heat,2005-07-02 00:00:00,91.9494509685005
N1,heat_pipes:X1,heat,2005-07-02 01:00:00,79.3013938891239
N1,heat_pipes:X1,heat,2005-07-02 02:00:00,77.9395647279711
N1,heat_pipes:X1,heat,2005-07-02 03:00:00,79.369632407859
N1,heat_pipes:X1,heat,2005-07-02 04:00:00,82.2380329914783
N1,heat_pipes:X1,heat,2005-07-02 05:00:00,122.989330664802
N1,heat_pipes:X1,heat,2005-07-02 06:00:00,157.3958298308
N1,heat_pipes:X1,heat,2005-07-02 07:00:00,182.990070744035
N1,heat_pipes:X1,heat,2005-07-02 08:00:00,176.033401128016
N1,heat_pipes:X1,heat,2005-07-02 09:00:00,168.703386130956
N1,heat_pipes:X1,heat,2005-07-02 10:00:00,158.964038206983
N1,heat_pipes:X1,heat,2005-07-02 11:00:00,129.764516370197
N1,heat_pipes:X1,heat,2005-07-02 12:00:00,118.013102048144
N1,heat_pipes:X1,heat,2005-07-02 13:00:00,117.640513328639
N1,heat_pipes:X1,heat,2005-07-02 14:00:00,135.979299294549
N1,heat_pipes:X1,heat,2005-07-02 15:00:00,160.890682041144
N1,heat_pipes:X1,heat,2005-07-02 16:00:00,143.321665824576
N1,heat_pipes:X1,heat,2005-07-02 17:00:00,192.801821403626
N1,heat_pipes:X1,heat,2005-07-02 18:00:00,192.782613264478
N1,heat_pipes:X1,heat,2005-07-02 19:00:00,192.833356144978
N1,heat_pipes:X1,heat,2005-07-02 20:00:00,192.901000856735
N1,heat_pipes:X1,heat,2005-07-02 21:00:00,163.03621037778
N1,heat_pipes:X1,heat,2005-07-02 22:00:00,116.800077954975
N1,heat_pipes:X1,heat,2005-07-02 23:00:00,92.8520364986895
N1,heat_pipes:X2,heat,2005-07-01 00:00:00,0.0
N1,heat_pipes:X2,heat,2005-07-01 01:00:00,0.0
N1,heat_pipes:X2,heat,2005-07-01 02:00:00,0.0
N1,heat_pipes:X2,heat,2005-07-01 03:00:00,0.0
N1,heat_pipes:X2,heat,2005-07-01 04:00:00,0.0
N1,heat_pipes:X2,heat,2005-07-01 05:00:00,0.0
N1,heat_pipes:X2,heat,2005-07-01 06:00:00,0.0
N1,heat_pipes:X2,heat,2005-07-01 07:00:00,0.0
N1,heat_pipes:X2,heat,2005-07-01 08:00:00,0.0
N1,heat_pipes:X2,heat,2005-07-01 09:00:00,0.0
N1,heat_pipes:X2,heat,2005-07-01 10:00:00,0.0
N1,heat_pipes:X2,heat,2005-07-01 11:00:00,0.0
N1,heat_pipes:X2,heat,2005-07-01 12:00:00,0.0
N1,heat_pipes:X2,heat,2005-07-01 13:00:00,0.0
N1,heat_pipes:X2,heat,2005-07-01 14:00:00,0.0
N1,heat_pipes:X2,heat,2005-07-01 15:00:00,87.2784016184301
N1,heat_pipes:X2,heat,2005-07-01 16:00:00,0.0
N1,heat_pipes:X2,heat,2005-07-01 17:00:00,0.0
N1,heat_pipes:X2,heat,2005-07-01 18:00:00,0.0
N1,heat_pipes:X2,heat,2005-07-01 19:00:00,11.9767774550761
N1,heat_pipes:X2,heat,2005-07-01 20:00:00,0.0
N1,heat_pipes:X2,heat,2005-07-01 21:00:00,0.0
N1,heat_pipes:X2,heat,2005-07-01 22:00:00,0.0
N1,heat_pipes:X2,heat,2005-07-01 23:00:00,0.0
N1,heat_pipes:X2,heat,2005-07-02 00:00:00,0.0
N1,heat_pipes:X2,heat,2005-07-02 01:00:00,0.0
N1,heat_pipes:X2,heat,2005-07-02 02:00:00,0.0
N1,heat_pipes:X2,heat,2005-07-02 03:00:00,0.0
N1,heat_pipes:X2,heat,2005-07-02 04:00:00,0.0
N1,heat_pipes:X2,heat,2005-07-02 05:00:00,0.0
N1,heat_pipes:X2,heat,2005-07-02 06:00:00,0.0
N1,heat_pipes:X2,heat,2005-07-02 07:00:00,0.0
N1,heat_pipes:X2,heat,2005-07-02 08:00:00,0.0
N1,heat_pipes:X2,heat,2005-07-02 09:00:00,0.0
N1,heat_pipes:X2,heat,2005-07-02 10:00:00,0.0
N1,heat_pipes:X2,heat,2005-07-02 11:00:00,0.0
N1,heat_pipes:X2,heat,2005-07-02 12:00:00,0.0
N1,heat_pipes:X2,heat,2005-07-02 13:00:00,0.0
N1,heat_pipes:X2,heat,2005-07-02 14:00:00,0.0
N1,heat_pipes:X2,heat,2005-07-02 15:00:00,51.1492720026113
N1,heat_pipes:X2,heat,2005-07-02 16:00:00,0.0
N1,heat_pipes:X2,heat,2005-07-02 17:00:00,49.7553959648105
N1,heat_pipes:X2,heat,2005-07-02 18:00:00,0.0
N1,heat_pipes:X2,heat,2005-07-02 19:00:00,14.1144658047276
N1,heat_pipes:X2,heat,2005-07-02 20:00:00,0.0
N1,heat_pipes:X2,heat,2005-07-02 21:00:00,0.0
N1,heat_pipes:X2,heat,2005-07-02 22:00:00,0.0
N1,heat_pipes:X2,heat,2005-07-02 23:00:00,0.0
N1,heat_pipes:X3,heat,2005-07-01 00:00:00,71.320853923357
N1,heat_pipes:X3,heat,2005-07-01 01:00:00,0.0
N1,heat_pipes:X3,heat,2005-07-01 02:00:00,0.0
N1,heat_pipes:X3,heat,2005-07-01 03:00:00,0.0
N1,heat_pipes:X3,heat,2005-07-01 04:00:00,0.0
N1,heat_pipes:X3,heat,2005-07-01 05:00:00,0.0
N1,heat_pipes:X3,heat,2005-07-01 06:00:00,0.0
N1,heat_pipes:X3,heat,2005-07-01 07:00:00,0.0
N1,heat_pipes:X3,heat,2005-07-01 08:00:00,0.0
N1,heat_pipes:X3,heat,2005-07-01 09:00:00,0.0
N1,heat_pipes:X3,heat,2005-07-01 10:00:00,2.27553894070201
N1,heat_pipes:X3,heat,2005-07-01 11:00:00,169.770978558026
N1,heat_pipes:X3,heat,2005-07-01 12:00:00,159.971508329361
N1,heat_pipes:X3,heat,2005-07-01 13:00:00,78.846943716823
N1,heat_pipes:X3,heat,2005-07-01 14:00:00,96.1837684677995
N1,heat_pipes:X3,heat,2005-07-01 15:00:00,271.428679993032
N1,heat_pipes:X3,heat,2005-07-01 16:00:00,133.858707457391
N1,heat_pipes:X3,heat,2005-07-01 17:00:00,237.119881554181
N1,heat_pipes:X3,heat,2005-07-01 18:00:00,54.1019424861565
N1,heat_pipes:X3,heat,2005-07-01 19:00:00,60.6466684925323
N1,heat_pipes:X3,heat,2005-07-01 20:00:00,49.3397976819435
N1,heat_pipes:X3,heat,2005-07-01 21:00:00,0.0
N1,heat_pipes:X3,heat,2005-07-01 22:00:00,0.0
N1,heat_pipes:X3,heat,2005-07-01 23:00:00,0.0
N1,heat_pipes:X3,heat,2005-07-02 00:00:00,9.18810546978827
N1,heat_pipes:X3,heat,2005-07-02 01:00:00,0.0
N1,heat_pipes:X3,heat,2005-07-02 02:00:00,0.0
N1,heat_pipes:X3,heat,2005-07-02 03:00:00,0.0
N1,heat_pipes:X3,heat,2005-07-02 04:00:00,0.0
N1,heat_pipes:X3,heat,2005-07-02 05:00:00,0.0
N1,heat_pipes:X3,heat,2005-07-02 06:00:00,0.0
N1,heat_pipes:X3,heat,2005-07-02 07:00:00,0.0
N1,heat_pipes:X3,heat,2005-07-02 08:00:00,0.0
N1,heat_pipes:X3,heat,2005-07-02 09:00:00,0.0
N1,heat_pipes:X3,heat,2005-07-02 10:00:00,0.0
N1,heat_pipes:X3,heat,2005-07-02 11:00:00,41.0919309221284
N1,heat_pipes:X3,heat,2005-07-02 12:00:00,0.0
N1,heat_pipes:X3,heat,2005-07-02 13:00:00,0.0
N1,heat_pipes:X3,heat,2005-07-02 14:00:00,99.7479484031549
N1,heat_pipes:X3,heat,2005-07-02 15:00:00,272.549933239311
N1,heat_pipes:X3,heat,2005-07-02 16:00:00,131.705566626971
N1,heat_pipes:X3,heat,2005-07-02 17:00:00,232.93770948832
N1,heat_pipes:X3,heat,2005-07-02 18:00:00,58.7428497470877
N1,heat_pipes:X3,heat,2005-07-02 19:00:00,70.1664647724716
N1,heat_pipes:X3,heat,2005-07-02 20:00:00,56.92228558062
N1,heat_pipes:X3,heat,2005-07-02 21:00:00,0.0
N1,heat_pipes:X3,heat,2005-07-02 22:00:00,0.0
N1,heat_pipes:X3,heat,2005-07-02 23:00:00,0.0
X1,chp,electricity,2005-07-01 00:00:00,116.076700041816
X1,chp,electricity,2005-07-01 01:00:00,98.0828707222857
X1,chp,electricity,2005-07-01 02:00:00,98.5960079052041
X1,chp,electricity,2005-07-01 03:00:00,98.5967087512041
X1,chp,electricity,2005-07-01 04:00:00,104.005807481837
X1,chp,electricity,2005-07-01 05:00:00,180.576395690918
X1,chp,electricity,2005-07-01 06:00:00,221.277558841673
X1,chp,electricity,2005-07-01 07:00:00,260.946698108843
X1,chp,electricity,2005-07-01 08:00:00,260.946698108843
X1,chp,electricity,2005-07-01 09:00:00,260.946698108843
X1,chp,electricity,2005-07-01 10:00:00,219.651279991628
X1,chp,electricity,2005-07-01 11:00:00,218.777777172615
X1,chp,electricity,2005-07-01 12:00:00,209.693759458384
X1,chp,electricity,2005-07-01 13:00:00,185.182813291374
X1,chp,electricity,2005-07-01 14:00:00,197.041339979592
X1,chp,electricity,2005-07-01 15:00:00,228.843375516264
X1,chp,electricity,2005-07-01 16:00:00,196.198951879282
X1,chp,electricity,2005-07-01 17:00:00,260.946698108843
X1,chp,electricity,2005-07-01 18:00:00,260.946698108843
X1,chp,electricity,2005-07-01 19:00:00,260.946698108843
X1,chp,electricity,2005-07-01 20:00:00,260.946698108843
X1,chp,electricity,2005-07-01 21:00:00,229.887518840388
X1,chp,electricity,2005-07-01 22:00:00,157.964461136102
X1,chp,electricity,2005-07-01 23:00:00,116.377751297184
X1,chp,electricity,2005-07-02 00:00:00,124.277424796918
X1,chp,electricity,2005-07-02 01:00:00,107.203472130449
X1,chp,electricity,2005-07-02 02:00:00,105.61403411949
X1,chp,electricity,2005-07-02 03:00:00,107.980132067531
X1,chp,electricity,2005-07-02 04:00:00,112.337943185918
X1,chp,electricity,2005-07-02 05:00:00,168.018018910306
X1,chp,electricity,2005-07-02 06:00:00,214.324252487082
X1,chp,electricity,2005-07-02 07:00:00,248.765251711
X1,chp,electricity,2005-07-02 08:00:00,239.128832166703
X1,chp,electricity,2005-07-02 09:00:00,229.190139270172
X1,chp,electricity,2005-07-02 10:00:00,215.333161921792
X1,chp,electricity,2005-07-02 11:00:00,175.720777464192
X1,chp,electricity,2005-07-02 12:00:00,159.818089552566
X1,chp,electricity,2005-07-02 13:00:00,159.263633897151
X1,chp,electricity,2005-07-02 14:00:00,184.00104846748
X1,chp,electricity,2005-07-02 15:00:00,217.658758704104
X1,chp,electricity,2005-07-02 16:00:00,194.091276255395
X1,chp,electricity,2005-07-02 17:00:00,260.946698108843
X1,chp,electricity,2005-07-02 18:00:00,260.946698108843
X1,chp,electricity,2005-07-02 19:00:00,260.946698108843
X1,chp,electricity,2005-07-02 20:00:00,260.946698108843
X1,chp,electricity,2005-07-02 21:00:00,220.531854248551
X1,chp,electricity,2005-07-02 22:00:00,158.022287870796
X1,chp,electricity,2005-07-02 23:00:00,125.564058205347
X1,chp,heat,2005-07-01 00:00:00,92.8613600334531
X1,chp,heat,2005-07-01 01:00:00,78.4662965778286
X1,chp,heat,2005-07-01 02:00:00,78.8768063241633
X1,chp,heat,2005-07-01 03:00:00,78.8773670009633
X1,chp,heat,2005-07-01 04:00:00,83.2046459854694
X1,chp,heat,2005-07-01 05:00:00,144.461116552735
X1,chp,heat,2005-07-01 06:00:00,177.022047073339
X1,chp,heat,2005-07-01 07:00:00,208.757358487075
X1,chp,heat,2005-07-01 08:00:00,208.757358487075
X1,chp,heat,2005-07-01 09:00:00,208.757358487075
X1,chp,heat,2005-07-01 10:00:00,175.721023993302
X1,chp,heat,2005-07-01 11:00:00,175.022221738092
X1,chp,heat,2005-07-01 12:00:00,167.755007566707
X1,chp,heat,2005-07-01 13:00:00,148.146250633099
X1,chp,heat,2005-07-01 14:00:00,157.633071983674
X1,chp,heat,2005-07-01 15:00:00,183.074700413011
X1,chp,heat,2005-07-01 16:00:00,156.959161503425
X1,chp,heat,2005-07-01 17:00:00,208.757358487075
X1,chp,heat,2005-07-01 18:00:00,208.757358487075
X1,chp,heat,2005-07-01 19:00:00,208.757358487075
X1,chp,heat,2005-07-01 20:00:00,208.757358487075
X1,chp,heat,2005-07-01 21:00:00,183.91001507231
X1,chp,heat,2005-07-01 22:00:00,126.371568908882
X1,chp,heat,2005-07-01 23:00:00,93.1022010377469
X1,chp,heat,2005-07-02 00:00:00,99.4219398375347
X1,chp,heat,2005-07-02 01:00:00,85.7627777043592
X1,chp,heat,2005-07-02 02:00:00,84.4912272955918
X1,chp,heat,2005-07-02 03:00:00,86.3841056540245
X1,chp,heat,2005-07-02 04:00:00,89.8703545487347
X1,chp,heat,2005-07-02 05:00:00,134.414415128245
X1,chp,heat,2005-07-02 06:00:00,171.459401989665
X1,chp,heat,2005-07-02 07:00:00,199.0122013688
X1,chp,heat,2005-07-02 08:00:00,191.303065733362
X1,chp,heat,2005-07-02 09:00:00,183.352111416138
X1,chp,heat,2005-07-02 10:00:00,172.266529537433
X1,chp,heat,2005-07-02 11:00:00,140.576621971354
X1,chp,heat,2005-07-02 12:00:00,127.854471642052
X1,chp,heat,2005-07-02 13:00:00,127.410907117721
X1,chp,heat,2005-07-02 14:00:00,147.200838773984
X1,chp,heat,2005-07-02 15:00:00,174.127006963283
X1,chp,heat,2005-07-02 16:00:00,155.273021004316
X1,chp,heat,2005-07-02 17:00:00,208.757358487075
X1,chp,heat,2005-07-02 18:00:00,208.757358487075
X1,chp,heat,2005-07-02 19:00:00,208.757358487075
X1,chp,heat,2005-07-02 20:00:00,208.757358487075
X1,chp,heat,2005-07-02 21:00:00,176.425483398841
X1,chp,heat,2005-07-02 22:00:00,126.417830296637
X1,chp,heat,2005-07-02 23:00:00,100.451246564278
X1,heat_pipes:N1,heat,2005-07-01 00:00:00,0.0
X1,heat_pipes:N1,heat,2005-07-01 01:00:00,0.0
X1,heat_pipes:N1,heat,2005-07-01 02:00:00,0.0
X1,heat_pipes:N1,heat,2005-07-01 03:00:00,0.0
X1,heat_pipes:N1,heat,2005-07-01 04:00:00,0.0
X1,heat_pipes:N1,heat,2005-07-01 05:00:00,0.0
X1,heat_pipes:N1,heat,2005-07-01 06:00:00,0.0
X1,heat_pipes:N1,heat,2005-07-01 07:00:00,0.0
X1,heat_pipes:N1,heat,2005-07-01 08:00:00,0.0
X1,heat_pipes:N1,heat,2005-07-01 09:00:00,0.0
X1,heat_pipes:N1,heat,2005-07-01 10:00:00,0.0
X1,heat_pipes:N1,heat,2005-07-01 11:00:00,0.0
X1,heat_pipes:N1,heat,2005-07-01 12:00:00,0.0
X1,heat_pipes:N1,heat,2005-07-01 13:00:00,0.0
X1,heat_pipes:N1,heat,2005-07-01 14:00:00,0.0
X1,heat_pipes:N1,heat,2005-07-01 15:00:00,25.5887072280636
X1,heat_pipes:N1,heat,2005-07-01 16:00:00,0.0
X1,heat_pipes:N1,heat,2005-07-01 17:00:00,0.0
X1,heat_pipes:N1,heat,2005-07-01 18:00:00,0.0
X1,heat_pipes:N1,heat,2005-07-01 19:00:00,0.0
X1,heat_pipes:N1,heat,2005-07-01 20:00:00,0.0
X1,heat_pipes:N1,heat,2005-07-01 21:00:00,0.0
X1,heat_pipes:N1,heat,2005-07-01 22:00:00,0.0
X1,heat_pipes:N1,heat,2005-07-01 23:00:00,0.0
X1,heat_pipes:N1,heat,2005-07-02 00:00:00,0.0
X1,heat_pipes:N1,heat,2005-07-02 01:00:00,0.0
X1,heat_pipes:N1,heat,2005-07-02 02:00:00,0.0
X1,heat_pipes:N1,heat,2005-07-02 03:00:00,0.0
X1,heat_pipes:N1,heat,2005-07-02 04:00:00,0.0
X1,heat_pipes:N1,heat,2005-07-02 05:00:00,0.0
X1,heat_pipes:N1,heat,2005-07-02 06:00:00,0.0
X1,heat_pipes:N1,heat,2005-07-02 07:00:00,0.0
X1,heat_pipes:N1,heat,2005-07-02 08:00:00,0.0
X1,heat_pipes:N1,heat,2005-07-02 09:00:00,0.0
X1,heat_pipes:N1,heat,2005-07-02 10:00:00,0.0
X1,heat_pipes:N1,heat,2005-07-02 11:00:00,0.0
X1,heat_pipes:N1,heat,2005-07-02 12:00:00,0.0
X1,heat_pipes:N1,heat,2005-07-02 13:00:00,0.0
X1,heat_pipes:N1,heat,2005-07-02 14:00:00,0.0
X1,heat_pipes:N1,heat,2005-07-02 15:00:00,0.0
X1,heat_pipes:N1,heat,2005-07-02 16:00:00,0.0
X1,heat_pipes:N1,heat,2005-07-02 17:00:00,0.0
X1,heat_pipes:N1,heat,2005-07-02 18:00:00,0.0
X1,heat_pipes:N1,heat,2005-07-02 19:00:00,0.0
X1,heat_pipes:N1,heat,2005-07-02 20:00:00,0.0
X1,heat_pipes:N1,heat,2005-07-02 21:00:00,0.0
X1,heat_pipes:N1,heat,2005-07-02 22:00:00,0.0
X1,heat_pipes:N1,heat,2005-07-02 23:00:00,0.0
X1,power_lines:X2,electricity,2005-07-01 00:00:00,0.0
X1,power_lines:X2,electricity,2005-07-01 01:00:00,0.0
X1,power_lines:X2,electricity,2005-07-01 02:00:00,0.0
X1,power_lines:X2,electricity,2005-07-01 03:00:00,0.0
X1,power_lines:X2,electricity,2005-07-01 04:00:00,0.0
X1,power_lines:X2,electricity,2005-07-01 05:00:00,0.0
X1,power_lines:X2,electricity,2005-07-01 06:00:00,0.0
X1,power_lines:X2,electricity,2005-07-01 07:00:00,0.0
X1,power_lines:X2,electricity,2005-07-01 08:00:00,0.0
X1,power_lines:X2,electricity,2005-07-01 09:00:00,0.0
X1,power_lines:X2,electricity,2005-07-01 10:00:00,0.0
X1,power_lines:X2,electricity,2005-07-01 11:00:00,0.0
X1,power_lines:X2,electricity,2005-07-01 12:00:00,0.0
X1,power_lines:X2,electricity,2005-07-01 13:00:00,0.0
X1,power_lines:X2,electricity,2005-07-01 14:00:00,0.0
X1,power_lines:X2,electricity,2005-07-01 15:00:00,0.0
X1,power_lines:X2,electricity,2005-07-01 16:00:00,0.0
X1,power_lines:X2,electricity,2005-07-01 17:00:00,0.0
X1,power_lines:X2,electricity,2005-07-01 18:00:00,0.0
X1,power_lines:X2,electricity,2005-07-01 19:00:00,0.0
X1,power_lines:X2,electricity,2005-07-01 20:00:00,0.0
X1,power_lines:X2,electricity,2005-07-01 21:00:00,0.0
X1,power_lines:X2,electricity,2005-07-01 22:00:00,0.0
X1,power_lines:X2,electricity,2005-07-01 23:00:00,0.0
X1,power_lines:X2,electricity,2005-07-02 00:00:00,0.0
X1,power_lines:X2,electricity,2005-07-02 01:00:00,0.0
X1,power_lines:X2,electricity,2005-07-02 02:00:00,0.0
X1,power_lines:X2,electricity,2005-07-02 03:00:00,0.0
X1,power_lines:X2,electricity,2005-07-02 04:00:00,0.0
X1,power_lines:X2,electricity,2005-07-02 05:00:00,0.0
X1,power_lines:X2,electricity,2005-07-02 06:00:00,0.0
X1,power_lines:X2,electricity,2005-07-02 07:00:00,0.0
X1,power_lines:X2,electricity,2005-07-02 08:00:00,0.0
X1,power_lines:X2,electricity,2005-07-02 09:00:00,0.0
X1,power_lines:X2,electricity,2005-07-02 10:00:00,0.0
X1,power_lines:X2,electricity,2005-07-02 11:00:00,0.0
X1,power_lines:X2,electricity,2005-07-02 12:00:00,0.0
X1,power_lines:X2,electricity,2005-07-02 13:00:00,0.0
X1,power_lines:X2,electricity,2005-07-02 14:00:00,0.0
X1,power_lines:X2,electricity,2005-07-02 15:00:00,0.0
X1,power_lines:X2,electricity,2005-07-02 16:00:00,0.0
X1,power_lines:X2,electricity,2005-07-02 17:00:00,0.0
X1,power_lines:X2,electricity,2005-07-02 18:00:00,0.0
X1,power_lines:X2,electricity,2005-07-02 19:00:00,0.0
X1,power_lines:X2,electricity,2005-07-02 20:00:00,0.0
X1,power_lines:X2,electricity,2005-07-02 21:00:00,0.0
X1,power_lines:X2,electricity,2005-07-02 22:00:00,0.0
X1,power_lines:X2,electricity,2005-07-02 23:00:00,0.0
X1,power_lines:X3,electricity,2005-07-01 00:00:00,0.0
X1,power_lines:X3,electricity,2005-07-01 01:00:00,0.0
X1,power_lines:X3,electricity,2005-07-01 02:00:00,0.0
X1,power_lines:X3,electricity,2005-07-01 03:00:00,0.0
X1,power_lines:X3,electricity,2005-07-01 04:00:00,0.0
X1,power_lines:X3,electricity,2005-07-01 05:00:00,0.0
X1,power_lines:X3,electricity,2005-07-01 06:00:00,0.0
X1,power_lines:X3,electricity,2005-07-01 07:00:00,0.0
X1,power_lines:X3,electricity,2005-07-01 08:00:00,0.0
X1,power_lines:X3,electricity,2005-07-01 09:00:00,0.0
X1,power_lines:X3,electricity,2005-07-01 10:00:00,0.0
X1,power_lines:X3,electricity,2005-07-01 11:00:00,0.0
X1,power_lines:X3,electricity,2005-07-01 12:00:00,0.0
X1,power_lines:X3,electricity,2005-07-01 13:00:00,0.0
X1,power_lines:X3,electricity,2005-07-01 14:00:00,0.0
X1,power_lines:X3,electricity,2005-07-01 15:00:00,0.0
X1,power_lines:X3,electricity,2005-07-01 16:00:00,0.0
X1,power_lines:X3,electricity,2005-07-01 17:00:00,0.0
X1,power_lines:X3,electricity,2005-07-01 18:00:00,0.0
X1,power_lines:X3,electricity,2005-07-01 19:00:00,0.0
X1,power_lines:X3,electricity,2005-07-01 20:00:00,0.0
X1,power_lines:X3,electricity,2005-07-01 21:00:00,0.0
X1,power_lines:X3,electricity,2005-07-01 22:00:00,0.0
X1,power_lines:X3,electricity,2005-07-01 23:00:00,0.0
X1,power_lines:X3,electricity,2005-07-02 00:00:00,0.0
X1,power_lines:X3,electricity,2005-07-02 01:00:00,0.0
X1,power_lines:X3,electricity,2005-07-02 02:00:00,0.0
X1,power_lines:X3,electricity,2005-07-02 03:00:00,0.0
X1,power_lines:X3,electricity,2005-07-02 04:00:00,0.0
X1,power_lines:X3,electricity,2005-07-02 05:00:00,0.0
X1,power_lines:X3,electricity,2005-07-02 06:00:00,0.0
X1,power_lines:X3,electricity,2005-07-02 07:00:00,0.0
X1,power_lines:X3,electricity,2005-07-02 08:00:00,1.47939611995
X1,power_lines:X3,electricity,2005-07-02 09:00:00,7.89349611994999
X1,power_lines:X3,electricity,2005-07-02 10:00:00,12.97479628655
X1,power_lines:X3,electricity,2005-07-02 11:00:00,14.0576960783
X1,power_lines:X3,electricity,2005-07-02 12:00:00,11.60034620325
X1,power_lines:X3,electricity,2005-07-02 13:00:00,5.43614624490001
X1,power_lines:X3,electricity,2005-07-02 14:00:00,0.0
X1,power_lines:X3,electricity,2005-07-02 15:00:00,0.0
X1,power_lines:X3,electricity,2005-07-02 16:00:00,0.0
X1,power_lines:X3,electricity,2005-07-02 17:00:00,0.0
X1,power_lines:X3,electricity,2005-07-02 18:00:00,0.0
X1,power_lines:X3,electricity,2005-07-02 19:00:00,0.0
X1,power_lines:X3,electricity,2005-07-02 20:00:00,0.0
X1,power_lines:X3,electricity,2005-07-02 21:00:00,0.0
X1,power_lines:X3,electricity,2005-07-02 22:00:00,0.0
X1,power_lines:X3,electricity,2005-07-02 23:00:00,0.0
X1,pv,electricity,2005-07-01 00:00:00,0.0
X1,pv,electricity,2005-07-01 01:00:00,0.0
X1,pv,electricity,2005-07-01 02:00:00,0.0
X1,pv,electricity,2005-07-01 03:00:00,0.0
X1,pv,electricity,2005-07-01 04:00:00,0.0
X1,pv,electricity,2005-07-01 05:00:00,0.0
X1,pv,electricity,2005-07-01 06:00:00,0.0
X1,pv,electricity,2005-07-01 07:00:00,0.0
X1,pv,electricity,2005-07-01 08:00:00,0.0
X1,pv,electricity,2005-07-01 09:00:00,0.0
X1,pv,electricity,2005-07-01 10:00:00,0.0
X1,pv,electricity,2005-07-01 11:00:00,0.0
X1,pv,electricity,2005-07-01 12:00:00,0.0
X1,pv,electricity,2005-07-01 13:00:00,0.0
X1,pv,electricity,2005-07-01 14:00:00,0.0
X1,pv,electricity,2005-07-01 15:00:00,0.0
X1,pv,electricity,2005-07-01 16:00:00,0.0
X1,pv,electricity,2005-07-01 17:00:00,0.0
X1,pv,electricity,2005-07-01 18:00:00,0.0
X1,pv,electricity,2005-07-01 19:00:00,0.0
X1,pv,electricity,2005-07-01 20:00:00,0.0
X1,pv,electricity,2005-07-01 21:00:00,0.0
X1,pv,electricity,2005-07-01 22:00:00,0.0
X1,pv,electricity,2005-07-01 23:00:00,0.0
X1,pv,electricity,2005-07-02 00:00:00,0.0
X1,pv,electricity,2005-07-02 01:00:00,0.0
X1,pv,electricity,2005-07-02 02:00:00,0.0
X1,pv,electricity,2005-07-02 03:00:00,0.0
X1,pv,electricity,2005-07-02 04:00:00,0.0
X1,pv,electricity,2005-07-02 05:00:00,0.0
X1,pv,electricity,2005-07-02 06:00:00,0.0
X1,pv,electricity,2005-07-02 07:00:00,0.0
X1,pv,electricity,2005-07-02 08:00:00,0.0
X1,pv,electricity,2005-07-02 09:00:00,0.0
X1,pv,electricity,2005-07-02 10:00:00,0.0
X1,pv,electricity,2005-07-02 11:00:00,0.0
X1,pv,electricity,2005-07-02 12:00:00,0.0
X1,pv,electricity,2005-07-02 13:00:00,0.0
X1,pv,electricity,2005-07-02 14:00:00,0.0
X1,pv,electricity,2005-07-02 15:00:00,0.0
X1,pv,electricity,2005-07-02 16:00:00,0.0
X1,pv,electricity,2005-07-02 17:00:00,0.0
X1,pv,electricity,2005-07-02 18:00:00,0.0
X1,pv,electricity,2005-07-02 19:00:00,0.0
X1,pv,electricity,2005-07-02 20:00:00,0.0
X1,pv,electricity,2005-07-02 21:00:00,0.0
X1,pv,electricity,2005-07-02 22:00:00,0.0
X1,pv,electricity,2005-07-02 23:00:00,0.0
X1,supply_gas,gas,2005-07-01 00:00:00,286.609135905719
X1,supply_gas,gas,2005-07-01 01:00:00,242.179927709347
X1,supply_gas,gas,2005-07-01 02:00:00,243.446933099269
X1,supply_gas,gas,2005-07-01 03:00:00,243.44866358322
X1,supply_gas,gas,2005-07-01 04:00:00,256.804462918115
X1,supply_gas,gas,2005-07-01 05:00:00,445.86764368128
X1,supply_gas,gas,2005-07-01 06:00:00,546.364342818947
X1,supply_gas,gas,2005-07-01 07:00:00,644.31283483665
X1,supply_gas,gas,2005-07-01 08:00:00,644.31283483665
X1,supply_gas,gas,2005-07-01 09:00:00,644.31283483665
X1,supply_gas,gas,2005-07-01 10:00:00,542.348839485501
X1,supply_gas,gas,2005-07-01 11:00:00,540.192042401517
X1,supply_gas,gas,2005-07-01 12:00:00,517.762369033046
X1,supply_gas,gas,2005-07-01 13:00:00,457.24151429969
X1,supply_gas,gas,2005-07-01 14:00:00,486.521827110103
X1,supply_gas,gas,2005-07-01 15:00:00,565.045371645096
X1,supply_gas,gas,2005-07-01 16:00:00,484.441856492054
X1,supply_gas,gas,2005-07-01 17:00:00,644.31283483665
X1,supply_gas,gas,2005-07-01 18:00:00,644.31283483665
X1,supply_gas,gas,2005-07-01 19:00:00,644.31283483665
X1,supply_gas,gas,2005-07-01 20:00:00,644.31283483665
X1,supply_gas,gas,2005-07-01 21:00:00,567.623503309599
X1,supply_gas,gas,2005-07-01 22:00:00,390.035706508894
X1,supply_gas,gas,2005-07-01 23:00:00,287.352472338725
X1,supply_gas,gas,2005-07-02 00:00:00,306.857839004737
X1,supply_gas,gas,2005-07-02 01:00:00,264.699931186294
X1,supply_gas,gas,2005-07-02 02:00:00,260.775392887629
X1,supply_gas,gas,2005-07-02 03:00:00,266.617610043285
X1,supply_gas,gas,2005-07-02 04:00:00,277.377637496095
X1,supply_gas,gas,2005-07-02 05:00:00,414.859305951373
X1,supply_gas,gas,2005-07-02 06:00:00,529.195685153288
X1,supply_gas,gas,2005-07-02 07:00:00,614.235189409877
X1,supply_gas,gas,2005-07-02 08:00:00,590.441560905439
X1,supply_gas,gas,2005-07-02 09:00:00,565.90157844487
X1,supply_gas,gas,2005-07-02 10:00:00,531.686819559979
X1,supply_gas,gas,2005-07-02 11:00:00,433.878462874548
X1,supply_gas,gas,2005-07-02 12:00:00,394.612566796458
X1,supply_gas,gas,2005-07-02 13:00:00,393.243540486793
X1,supply_gas,gas,2005-07-02 14:00:00,454.323576462913
X1,supply_gas,gas,2005-07-02 15:00:00,537.429033837293
X1,supply_gas,gas,2005-07-02 16:00:00,479.237719149123
X1,supply_gas,gas,2005-07-02 17:00:00,644.31283483665
X1,supply_gas,gas,2005-07-02 18:00:00,644.31283483665
X1,supply_gas,gas,2005-07-02 19:00:00,644.31283483665
X1,supply_gas,gas,2005-07-02 20:00:00,644.31283483665
X1,supply_gas,gas,2005-07-02 21:00:00,544.523096910002
X1,supply_gas,gas,2005-07-02 22:00:00,390.178488569867
X1,supply_gas,gas,2005-07-02 23:00:00,310.034711618141
X1,supply_grid_power,electricity,2005-07-01 00:00:00,0.0
X1,supply_grid_power,electricity,2005-07-01 01:00:00,0.0
X1,supply_grid_power,electricity,2005-07-01 02:00:00,0.0
X1,supply_grid_power,electricity,2005-07-01 03:00:00,0.0
X1,supply_grid_power,electricity,2005-07-01 04:00:00,0.0
X1,supply_grid_power,electricity,2005-07-01 05:00:00,0.0
X1,supply_grid_power,electricity,2005-07-01 06:00:00,0.0
X1,supply_grid_power,electricity,2005-07-01 07:00:00,7.79178990801491
X1,supply_grid_power,electricity,2005-07-01 08:00:00,0.0
X1,supply_grid_power,electricity,2005-07-01 09:00:00,0.0
X1,supply_grid_power,electricity,2005-07-01 10:00:00,0.0
X1,supply_grid_power,electricity,2005-07-01 11:00:00,0.0
X1,supply_grid_power,electricity,2005-07-01 12:00:00,0.0
X1,supply_grid_power,electricity,2005-07-01 13:00:00,0.0
X1,supply_grid_power,electricity,2005-07-01 14:00:00,0.0
X1,supply_grid_power,electricity,2005-07-01 15:00:00,0.0
X1,supply_grid_power,electricity,2005-07-01 16:00:00,0.0
X1,supply_grid_power,electricity,2005-07-01 17:00:00,8.33611089615362
X1,supply_grid_power,electricity,2005-07-01 18:00:00,8.89412554683554
X1,supply_grid_power,electricity,2005-07-01 19:00:00,26.0978977125649
X1,supply_grid_power,electricity,2005-07-01 20:00:00,19.3087000389117
X1,supply_grid_power,electricity,2005-07-01 21:00:00,0.0
X1,supply_grid_power,electricity,2005-07-01 22:00:00,0.0
X1,supply_grid_power,electricity,2005-07-01 23:00:00,0.0
X1,supply_grid_power,electricity,2005-07-02 00:00:00,0.0
X1,supply_grid_power,electricity,2005-07-02 01:00:00,0.0
X1,supply_grid_power,electricity,2005-07-02 02:00:00,0.0
X1,supply_grid_power,electricity,2005-07-02 03:00:00,0.0
X1,supply_grid_power,electricity,2005-07-02 04:00:00,0.0
X1,supply_grid_power,electricity,2005-07-02 05:00:00,0.0
X1,supply_grid_power,electricity,2005-07-02 06:00:00,0.0
X1,supply_grid_power,electricity,2005-07-02 07:00:00,0.0
X1,supply_grid_power,electricity,2005-07-02 08:00:00,0.0
X1,supply_grid_power,electricity,2005-07-02 09:00:00,0.0
X1,supply_grid_power,electricity,2005-07-02 10:00:00,0.0
X1,supply_grid_power,electricity,2005-07-02 11:00:00,0.0
X1,supply_grid_power,electricity,2005-07-02 12:00:00,0.0
X1,supply_grid_power,electricity,2005-07-02 13:00:00,0.0
X1,supply_grid_power,electricity,2005-07-02 14:00:00,0.0
X1,supply_grid_power,electricity,2005-07-02 15:00:00,0.0
X1,supply_grid_power,electricity,2005-07-02 16:00:00,0.0
X1,supply_grid_power,electricity,2005-07-02 17:00:00,4.11833519656098
X1,supply_grid_power,electricity,2005-07-02 18:00:00,8.96878916985594
X1,supply_grid_power,electricity,2005-07-02 19:00:00,33.6201473134811
X1,supply_grid_power,electricity,2005-07-02 20:00:00,9.92784095727915
X1,supply_grid_power,electricity,2005-07-02 21:00:00,0.0
X1,supply_grid_power,electricity,2005-07-02 22:00:00,0.0
X1,supply_grid_power,electricity,2005-07-02 23:00:00,0.0
X2,boiler,heat,2005-07-01 00:00:00,0.0
X2,boiler,heat,2005-07-01 01:00:00,4.08444589155417
X2,boiler,heat,2005-07-01 02:00:00,9.61050160198881
X2,boiler,heat,2005-07-01 03:00:00,37.0693888716504
X2,boiler,heat,2005-07-01 04:00:00,53.1754639232354
X2,boiler,heat,2005-07-01 05:00:00,51.8933206386193
X2,boiler,heat,2005-07-01 06:00:00,123.451318751749
X2,boiler,heat,2005-07-01 07:00:00,192.8304709981
X2,boiler,heat,2005-07-01 08:00:00,83.2662537912792
X2,boiler,heat,2005-07-01 09:00:00,14.2574174316648
X2,boiler,heat,2005-07-01 10:00:00,0.0
X2,boiler,heat,2005-07-01 11:00:00,0.0
X2,boiler,heat,2005-07-01 12:00:00,0.0
X2,boiler,heat,2005-07-01 13:00:00,0.0
X2,boiler,heat,2005-07-01 14:00:00,0.0
X2,boiler,heat,2005-07-01 15:00:00,0.0
X2,boiler,heat,2005-07-01 16:00:00,0.0
X2,boiler,heat,2005-07-01 17:00:00,0.0
X2,boiler,heat,2005-07-01 18:00:00,0.0
X2,boiler,heat,2005-07-01 19:00:00,0.0
X2,boiler,heat,2005-07-01 20:00:00,0.0
X2,boiler,heat,2005-07-01 21:00:00,86.0568341764611
X2,boiler,heat,2005-07-01 22:00:00,47.1565986665086
X2,boiler,heat,2005-07-01 23:00:00,19.2188981316205
X2,boiler,heat,2005-07-02 00:00:00,0.0
X2,boiler,heat,2005-07-02 01:00:00,15.3231004332978
X2,boiler,heat,2005-07-02 02:00:00,20.0406008164094
X2,boiler,heat,2005-07-02 03:00:00,34.4791246124721
X2,boiler,heat,2005-07-02 04:00:00,51.1417936131096
X2,boiler,heat,2005-07-02 05:00:00,46.8940852483531
X2,boiler,heat,2005-07-02 06:00:00,106.540094535419
X2,boiler,heat,2005-07-02 07:00:00,182.923527530773
X2,boiler,heat,2005-07-02 08:00:00,84.9962107513628
X2,boiler,heat,2005-07-02 09:00:00,32.5147956072018
X2,boiler,heat,2005-07-02 10:00:00,0.0
X2,boiler,heat,2005-07-02 11:00:00,0.0
X2,boiler,heat,2005-07-02 12:00:00,0.0
X2,boiler,heat,2005-07-02 13:00:00,0.0
X2,boiler,heat,2005-07-02 14:00:00,0.0
X2,boiler,heat,2005-07-02 15:00:00,0.0
X2,boiler,heat,2005-07-02 16:00:00,0.0
X2,boiler,heat,2005-07-02 17:00:00,0.0
X2,boiler,heat,2005-07-02 18:00:00,0.0
X2,boiler,heat,2005-07-02 19:00:00,0.0
X2,boiler,heat,2005-07-02 20:00:00,0.0
X2,boiler,heat,2005-07-02 21:00:00,89.7895519904719
X2,boiler,heat,2005-07-02 22:00:00,35.3192131467007
X2,boiler,heat,2005-07-02 23:00:00,0.887582363603876
X2,heat_pipes:N1,heat,2005-07-01 00:00:00,64.73199077
X2,heat_pipes:N1,heat,2005-07-01 01:00:00,66.3689933584458
X2,heat_pipes:N1,heat,2005-07-01 02:00:00,67.5824742480112
X2,heat_pipes:N1,heat,2005-07-01 03:00:00,67.4870466283496
X2,heat_pipes:N1,heat,2005-07-01 04:00:00,70.0529805767646
X2,heat_pipes:N1,heat,2005-07-01 05:00:00,115.775497961381
X2,heat_pipes:N1,heat,2005-07-01 06:00:00,141.435772848251
X2,heat_pipes:N1,heat,2005-07-01 07:00:00,172.3072039019
X2,heat_pipes:N1,heat,2005-07-01 08:00:00,174.906335208721
X2,heat_pipes:N1,heat,2005-07-01 09:00:00,176.328160268335
X2,heat_pipes:N1,heat,2005-07-01 10:00:00,148.1871155
X2,heat_pipes:N1,heat,2005-07-01 11:00:00,113.1216255
X2,heat_pipes:N1,heat,2005-07-01 12:00:00,109.1661068
X2,heat_pipes:N1,heat,2005-07-01 13:00:00,108.9995228
X2,heat_pipes:N1,heat,2005-07-01 14:00:00,113.7788461
X2,heat_pipes:N1,heat,2005-07-01 15:00:00,176.328160268335
X2,heat_pipes:N1,heat,2005-07-01 16:00:00,105.6343708
X2,heat_pipes:N1,heat,2005-07-01 17:00:00,128.4753408
X2,heat_pipes:N1,heat,2005-07-01 18:00:00,167.4087829
X2,heat_pipes:N1,heat,2005-07-01 19:00:00,176.328160268335
X2,heat_pipes:N1,heat,2005-07-01 20:00:00,168.5093556
X2,heat_pipes:N1,heat,2005-07-01 21:00:00,156.675394823539
X2,heat_pipes:N1,heat,2005-07-01 22:00:00,108.217312933491
X2,heat_pipes:N1,heat,2005-07-01 23:00:00,78.9073578683795
X2,heat_pipes:N1,heat,2005-07-02 00:00:00,83.26996156
X2,heat_pipes:N1,heat,2005-07-02 01:00:00,73.5012403767022
X2,heat_pipes:N1,heat,2005-07-02 02:00:00,71.3726662135906
X2,heat_pipes:N1,heat,2005-07-02 03:00:00,73.5644878875279
X2,heat_pipes:N1,heat,2005-07-02 04:00:00,75.3566441868904
X2,heat_pipes:N1,heat,2005-07-02 05:00:00,113.993814151647
X2,heat_pipes:N1,heat,2005-07-02 06:00:00,145.883800464581
X2,heat_pipes:N1,heat,2005-07-02 07:00:00,168.739713769227
X2,heat_pipes:N1,heat,2005-07-02 08:00:00,163.158208148637
X2,heat_pipes:N1,heat,2005-07-02 09:00:00,155.497962992798
X2,heat_pipes:N1,heat,2005-07-02 10:00:00,147.3213091
X2,heat_pipes:N1,heat,2005-07-02 11:00:00,111.7065923
X2,heat_pipes:N1,heat,2005-07-02 12:00:00,108.4990864
X2,heat_pipes:N1,heat,2005-07-02 13:00:00,108.1538006
X2,heat_pipes:N1,heat,2005-07-02 14:00:00,105.2610253
X2,heat_pipes:N1,heat,2005-07-02 15:00:00,139.799996350184
X2,heat_pipes:N1,heat,2005-07-02 16:00:00,104.5498745
X2,heat_pipes:N1,heat,2005-07-02 17:00:00,176.328160268335
X2,heat_pipes:N1,heat,2005-07-02 18:00:00,166.4425066
X2,heat_pipes:N1,heat,2005-07-02 19:00:00,176.328160268335
X2,heat_pipes:N1,heat,2005-07-02 20:00:00,166.9310785
X2,heat_pipes:N1,heat,2005-07-02 21:00:00,150.245280909528
X2,heat_pipes:N1,heat,2005-07-02 22:00:00,108.257247253299
X2,heat_pipes:N1,heat,2005-07-02 23:00:00,85.1944319463961
X2,power_lines:X1,electricity,2005-07-01 00:00:00,94.54580124
X2,power_lines:X1,electricity,2005-07-01 01:00:00,76.96061918
X2,power_lines:X1,electricity,2005-07-01 02:00:00,77.4757501
X2,power_lines:X1,electricity,2005-07-01 03:00:00,77.4757501
X2,power_lines:X1,electricity,2005-07-01 04:00:00,82.73149557
X2,power_lines:X1,electricity,2005-07-01 05:00:00,148.5334787
X2,power_lines:X1,electricity,2005-07-01 06:00:00,189.5708167
X2,power_lines:X1,electricity,2005-07-01 07:00:00,217.801421959741
X2,power_lines:X1,electricity,2005-07-01 08:00:00,214.741110488247
X2,power_lines:X1,electricity,2005-07-01 09:00:00,220.914602064346
X2,power_lines:X1,electricity,2005-07-01 10:00:00,181.794268027935
X2,power_lines:X1,electricity,2005-07-01 11:00:00,182.071781742542
X2,power_lines:X1,electricity,2005-07-01 12:00:00,170.536787047156
X2,power_lines:X1,electricity,2005-07-01 13:00:00,169.330006586327
X2,power_lines:X1,electricity,2005-07-01 14:00:00,180.2184938698
X2,power_lines:X1,electricity,2005-07-01 15:00:00,206.838373517359
X2,power_lines:X1,electricity,2005-07-01 16:00:00,178.603184173056
X2,power_lines:X1,electricity,2005-07-01 17:00:00,249.606176934097
X2,power_lines:X1,electricity,2005-07-01 18:00:00,245.365582084765
X2,power_lines:X1,electricity,2005-07-01 19:00:00,260.2516282
X2,power_lines:X1,electricity,2005-07-01 20:00:00,254.6055991
X2,power_lines:X1,electricity,2005-07-01 21:00:00,205.4495087
X2,power_lines:X1,electricity,2005-07-01 22:00:00,135.2325717
X2,power_lines:X1,electricity,2005-07-01 23:00:00,94.73897533
X2,power_lines:X1,electricity,2005-07-02 00:00:00,102.5825115
X2,power_lines:X1,electricity,2005-07-02 01:00:00,85.89880856
X2,power_lines:X1,electricity,2005-07-02 02:00:00,84.35341579
X2,power_lines:X1,electricity,2005-07-02 03:00:00,86.67150495
X2,power_lines:X1,electricity,2005-07-02 04:00:00,90.89698856
X2,power_lines:X1,electricity,2005-07-02 05:00:00,147.7607823
X2,power_lines:X1,electricity,2005-07-02 06:00:00,199.0994716
X2,power_lines:X1,electricity,2005-07-02 07:00:00,238.7775077
X2,power_lines:X1,electricity,2005-07-02 08:00:00,235.1198719
X2,power_lines:X1,electricity,2005-07-02 09:00:00,231.6484656
X2,power_lines:X1,electricity,2005-07-02 10:00:00,223.032670032815
X2,power_lines:X1,electricity,2005-07-02 11:00:00,185.292925767522
X2,power_lines:X1,electricity,2005-07-02 12:00:00,167.326140318639
X2,power_lines:X1,electricity,2005-07-02 13:00:00,160.75615002249
X2,power_lines:X1,electricity,2005-07-02 14:00:00,178.10121654793
X2,power_lines:X1,electricity,2005-07-02 15:00:00,205.826402303941
X2,power_lines:X1,electricity,2005-07-02 16:00:00,178.174204714147
X2,power_lines:X1,electricity,2005-07-02 17:00:00,244.419500198496
X2,power_lines:X1,electricity,2005-07-02 18:00:00,246.580143807825
X2,power_lines:X1,electricity,2005-07-02 19:00:00,269.021468051398
X2,power_lines:X1,electricity,2005-07-02 20:00:00,245.4123572
X2,power_lines:X1,electricity,2005-07-02 21:00:00,196.2809574
X2,power_lines:X1,electricity,2005-07-02 22:00:00,135.2892419
X2,power_lines:X1,electricity,2005-07-02 23:00:00,103.7415561
X2,pv,electricity,2005-07-01 00:00:00,0.0
X2,pv,electricity,2005-07-01 01:00:00,0.0
X2,pv,electricity,2005-07-01 02:00:00,0.0
X2,pv,electricity,2005-07-01 03:00:00,0.0
X2,pv,electricity,2005-07-01 04:00:00,0.0
X2,pv,electricity,2005-07-01 05:00:00,2.95971958937884
X2,pv,electricity,2005-07-01 06:00:00,10.9778687690126
X2,pv,electricity,2005-07-01 07:00:00,20.9332892402589
X2,pv,electricity,2005-07-01 08:00:00,29.5433821117535
X2,pv,electricity,2005-07-01 09:00:00,36.1623914163671
X2,pv,electricity,2005-07-01 10:00:00,40.7365033720647
X2,pv,electricity,2005-07-01 11:00:00,40.5212512574577
X2,pv,electricity,2005-07-01 12:00:00,33.9022419528441
X2,pv,electricity,2005-07-01 13:00:00,26.7989150136732
X2,pv,electricity,2005-07-01 14:00:00,24.2697000301999
X2,pv,electricity,2005-07-01 15:00:00,19.1036443826415
X2,pv,electricity,2005-07-01 16:00:00,14.5295324269439
X2,pv,electricity,2005-07-01 17:00:00,9.90160706590291
X2,pv,electricity,2005-07-01 18:00:00,3.65928971523474
X2,pv,electricity,2005-07-01 19:00:00,0.0
X2,pv,electricity,2005-07-01 20:00:00,0.0
X2,pv,electricity,2005-07-01 21:00:00,0.0
X2,pv,electricity,2005-07-01 22:00:00,0.0
X2,pv,electricity,2005-07-01 23:00:00,0.0
X2,pv,electricity,2005-07-02 00:00:00,0.0
X2,pv,electricity,2005-07-02 01:00:00,0.0
X2,pv,electricity,2005-07-02 02:00:00,0.0
X2,pv,electricity,2005-07-02 03:00:00,0.0
X2,pv,electricity,2005-07-02 04:00:00,0.0
X2,pv,electricity,2005-07-02 05:00:00,3.06734564668234
X2,pv,electricity,2005-07-02 06:00:00,10.8164296830574
X2,pv,electricity,2005-07-02 07:00:00,18.2964481994821
X2,pv,electricity,2005-07-02 08:00:00,25.6688402819118
X2,pv,electricity,2005-07-02 09:00:00,33.9560549814959
X2,pv,electricity,2005-07-02 10:00:00,40.5212512574577
X2,pv,electricity,2005-07-02 11:00:00,41.9203911324779
X2,pv,electricity,2005-07-02 12:00:00,38.7454194284921
X2,pv,electricity,2005-07-02 13:00:00,30.78108327751
X2,pv,electricity,2005-07-02 14:00:00,21.79429845207
X2,pv,electricity,2005-07-02 15:00:00,15.4981676960585
X2,pv,electricity,2005-07-02 16:00:00,10.1706725858532
X2,pv,electricity,2005-07-02 17:00:00,5.54274760150386
X2,pv,electricity,2005-07-02 18:00:00,2.31396249217469
X2,pv,electricity,2005-07-02 19:00:00,0.322878548602074
X2,pv,electricity,2005-07-02 20:00:00,0.0
X2,pv,electricity,2005-07-02 21:00:00,0.0
X2,pv,electricity,2005-07-02 22:00:00,0.0
X2,pv,electricity,2005-07-02 23:00:00,0.0
X2,supply_gas,gas,2005-07-01 00:00:00,0.0
X2,supply_gas,gas,2005-07-01 01:00:00,4.80523046065197
X2,supply_gas,gas,2005-07-01 02:00:00,11.306472472928
X2,supply_gas,gas,2005-07-01 03:00:00,43.6110457313534
X2,supply_gas,gas,2005-07-01 04:00:00,62.5593693214534
X2,supply_gas,gas,2005-07-01 05:00:00,61.0509654571992
X2,supply_gas,gas,2005-07-01 06:00:00,145.236845590293
X2,supply_gas,gas,2005-07-01 07:00:00,226.859377644824
X2,supply_gas,gas,2005-07-01 08:00:00,97.9602985779755
X2,supply_gas,gas,2005-07-01 09:00:00,16.7734322725468
X2,supply_gas,gas,2005-07-01 10:00:00,0.0
X2,supply_gas,gas,2005-07-01 11:00:00,0.0
X2,supply_gas,gas,2005-07-01 12:00:00,0.0
X2,supply_gas,gas,2005-07-01 13:00:00,0.0
X2,supply_gas,gas,2005-07-01 14:00:00,0.0
X2,supply_gas,gas,2005-07-01 15:00:00,0.0
X2,supply_gas,gas,2005-07-01 16:00:00,0.0
X2,supply_gas,gas,2005-07-01 17:00:00,0.0
X2,supply_gas,gas,2005-07-01 18:00:00,0.0
X2,supply_gas,gas,2005-07-01 19:00:00,0.0
X2,supply_gas,gas,2005-07-01 20:00:00,0.0
X2,supply_gas,gas,2005-07-01 21:00:00,101.243334325248
X2,supply_gas,gas,2005-07-01 22:00:00,55.4783513723631
X2,supply_gas,gas,2005-07-01 23:00:00,22.6104683901418
X2,supply_gas,gas,2005-07-02 00:00:00,0.0
X2,supply_gas,gas,2005-07-02 01:00:00,18.0271769803504
X2,supply_gas,gas,2005-07-02 02:00:00,23.5771774310699
X2,supply_gas,gas,2005-07-02 03:00:00,40.563676014673
X2,supply_gas,gas,2005-07-02 04:00:00,60.1668160154231
X2,supply_gas,gas,2005-07-02 05:00:00,55.169512056886
X2,supply_gas,gas,2005-07-02 06:00:00,125.341287688728
X2,supply_gas,gas,2005-07-02 07:00:00,215.204150036204
X2,supply_gas,gas,2005-07-02 08:00:00,99.9955420604268
X2,supply_gas,gas,2005-07-02 09:00:00,38.2527007143551
X2,supply_gas,gas,2005-07-02 10:00:00,0.0
X2,supply_gas,gas,2005-07-02 11:00:00,0.0
X2,supply_gas,gas,2005-07-02 12:00:00,0.0
X2,supply_gas,gas,2005-07-02 13:00:00,0.0
X2,supply_gas,gas,2005-07-02 14:00:00,0.0
X2,supply_gas,gas,2005-07-02 15:00:00,0.0
X2,supply_gas,gas,2005-07-02 16:00:00,0.0
X2,supply_gas,gas,2005-07-02 17:00:00,0.0
X2,supply_gas,gas,2005-07-02 18:00:00,0.0
X2,supply_gas,gas,2005-07-02 19:00:00,0.0
X2,supply_gas,gas,2005-07-02 20:00:00,0.0
X2,supply_gas,gas,2005-07-02 21:00:00,105.634767047614
X2,supply_gas,gas,2005-07-02 22:00:00,41.5520154667067
X2,supply_gas,gas,2005-07-02 23:00:00,1.04421454541633
X3,boiler,heat,2005-07-01 00:00:00,0.0
X3,boiler,heat,2005-07-01 01:00:00,0.0156
X3,boiler,heat,2005-07-01 02:00:00,0.0156
X3,boiler,heat,2005-07-01 03:00:00,0.0156
X3,boiler,heat,2005-07-01 04:00:00,0.0156
X3,boiler,heat,2005-07-01 05:00:00,0.0156
X3,boiler,heat,2005-07-01 06:00:00,0.0156
X3,boiler,heat,2005-07-01 07:00:00,0.0156
X3,boiler,heat,2005-07-01 08:00:00,0.0156
X3,boiler,heat,2005-07-01 09:00:00,0.0156
X3,boiler,heat,2005-07-01 10:00:00,0.0
X3,boiler,heat,2005-07-01 11:00:00,0.0
X3,boiler,heat,2005-07-01 12:00:00,0.0
X3,boiler,heat,2005-07-01 13:00:00,0.0
X3,boiler,heat,2005-07-01 14:00:00,0.0
X3,boiler,heat,2005-07-01 15:00:00,0.0
X3,boiler,heat,2005-07-01 16:00:00,0.0
X3,boiler,heat,2005-07-01 17:00:00,0.0
X3,boiler,heat,2005-07-01 18:00:00,0.0
X3,boiler,heat,2005-07-01 19:00:00,0.0
X3,boiler,heat,2005-07-01 20:00:00,0.0
X3,boiler,heat,2005-07-01 21:00:00,0.0156
X3,boiler,heat,2005-07-01 22:00:00,0.0156
X3,boiler,heat,2005-07-01 23:00:00,0.0156
X3,boiler,heat,2005-07-02 00:00:00,0.0
X3,boiler,heat,2005-07-02 01:00:00,0.0156
X3,boiler,heat,2005-07-02 02:00:00,0.0156
X3,boiler,heat,2005-07-02 03:00:00,0.0156
X3,boiler,heat,2005-07-02 04:00:00,0.0156
X3,boiler,heat,2005-07-02 05:00:00,0.0156
X3,boiler,heat,2005-07-02 06:00:00,0.0156
X3,boiler,heat,2005-07-02 07:00:00,0.0156
X3,boiler,heat,2005-07-02 08:00:00,0.0156
X3,boiler,heat,2005-07-02 09:00:00,0.0156
X3,boiler,heat,2005-07-02 10:00:00,0.0
X3,boiler,heat,2005-07-02 11:00:00,0.0
X3,boiler,heat,2005-07-02 12:00:00,0.0
X3,boiler,heat,2005-07-02 13:00:00,0.0
X3,boiler,heat,2005-07-02 14:00:00,0.0
X3,boiler,heat,2005-07-02 15:00:00,0.0
X3,boiler,heat,2005-07-02 16:00:00,0.0
X3,boiler,heat,2005-07-02 17:00:00,0.0
X3,boiler,heat,2005-07-02 18:00:00,0.0
X3,boiler,heat,2005-07-02 19:00:00,0.0
X3,boiler,heat,2005-07-02 20:00:00,0.0
X3,boiler,heat,2005-07-02 21:00:00,0.0156
X3,boiler,heat,2005-07-02 22:00:00,0.0156
X3,boiler,heat,2005-07-02 23:00:00,0.0156
X3,heat_pipes:N1,heat,2005-07-01 00:00:00,78.9375980296857
X3,heat_pipes:N1,heat,2005-07-01 01:00:00,0.844722027
X3,heat_pipes:N1,heat,2005-07-01 02:00:00,0.0
X3,heat_pipes:N1,heat,2005-07-01 03:00:00,0.0
X3,heat_pipes:N1,heat,2005-07-01 04:00:00,0.844806948
X3,heat_pipes:N1,heat,2005-07-01 05:00:00,7.247726705
X3,heat_pipes:N1,heat,2005-07-01 06:00:00,9.382629082
X3,heat_pipes:N1,heat,2005-07-01 07:00:00,5.777241754
X3,heat_pipes:N1,heat,2005-07-01 08:00:00,3.306985114
X3,heat_pipes:N1,heat,2005-07-01 09:00:00,1.911663888
X3,heat_pipes:N1,heat,2005-07-01 10:00:00,4.13967726378213
X3,heat_pipes:N1,heat,2005-07-01 11:00:00,189.244133397114
X3,heat_pipes:N1,heat,2005-07-01 12:00:00,178.194334519591
X3,heat_pipes:N1,heat,2005-07-01 13:00:00,88.655882963409
X3,heat_pipes:N1,heat,2005-07-01 14:00:00,107.605856306578
X3,heat_pipes:N1,heat,2005-07-01 15:00:00,301.613016615611
X3,heat_pipes:N1,heat,2005-07-01 16:00:00,148.903110420992
X3,heat_pipes:N1,heat,2005-07-01 17:00:00,263.251774709272
X3,heat_pipes:N1,heat,2005-07-01 18:00:00,59.8835511448793
X3,heat_pipes:N1,heat,2005-07-01 19:00:00,67.9706096773144
X3,heat_pipes:N1,heat,2005-07-01 20:00:00,54.6138724719478
X3,heat_pipes:N1,heat,2005-07-01 21:00:00,0.844721406
X3,heat_pipes:N1,heat,2005-07-01 22:00:00,0.0
X3,heat_pipes:N1,heat,2005-07-01 23:00:00,0.819071551
X3,heat_pipes:N1,heat,2005-07-02 00:00:00,10.208572519684
X3,heat_pipes:N1,heat,2005-07-02 01:00:00,0.0
X3,heat_pipes:N1,heat,2005-07-02 02:00:00,0.844691287
X3,heat_pipes:N1,heat,2005-07-02 03:00:00,0.0
X3,heat_pipes:N1,heat,2005-07-02 04:00:00,0.844786481
X3,heat_pipes:N1,heat,2005-07-02 05:00:00,0.0
X3,heat_pipes:N1,heat,2005-07-02 06:00:00,0.0
X3,heat_pipes:N1,heat,2005-07-02 07:00:00,0.844690111
X3,heat_pipes:N1,heat,2005-07-02 08:00:00,0.0
X3,heat_pipes:N1,heat,2005-07-02 09:00:00,0.844693236
X3,heat_pipes:N1,heat,2005-07-02 10:00:00,0.0156
X3,heat_pipes:N1,heat,2005-07-02 11:00:00,45.486974960783
X3,heat_pipes:N1,heat,2005-07-02 12:00:00,0.860402016
X3,heat_pipes:N1,heat,2005-07-02 13:00:00,0.860351756999997
X3,heat_pipes:N1,heat,2005-07-02 14:00:00,110.394359567275
X3,heat_pipes:N1,heat,2005-07-02 15:00:00,301.613016615611
X3,heat_pipes:N1,heat,2005-07-02 16:00:00,146.60265192107
X3,heat_pipes:N1,heat,2005-07-02 17:00:00,257.779051192444
X3,heat_pipes:N1,heat,2005-07-02 18:00:00,65.0190711723984
X3,heat_pipes:N1,heat,2005-07-02 19:00:00,78.5048689683887
X3,heat_pipes:N1,heat,2005-07-02 20:00:00,63.0044772120782
X3,heat_pipes:N1,heat,2005-07-02 21:00:00,0.844700165
X3,heat_pipes:N1,heat,2005-07-02 22:00:00,0.0
X3,heat_pipes:N1,heat,2005-07-02 23:00:00,0.844689856
X3,power_lines:X1,electricity,2005-07-01 00:00:00,18.76291208
X3,power_lines:X1,electricity,2005-07-01 01:00:00,18.76291208
X3,power_lines:X1,electricity,2005-07-01 02:00:00,18.76291208
X3,power_lines:X1,electricity,2005-07-01 03:00:00,18.76291208
X3,power_lines:X1,electricity,2005-07-01 04:00:00,18.76291208
X3,power_lines:X1,electricity,2005-07-01 05:00:00,27.8749249675
X3,power_lines:X1,electricity,2005-07-01 06:00:00,26.5633071225
X3,power_lines:X1,electricity,2005-07-01 07:00:00,44.8627692725
X3,power_lines:X1,electricity,2005-07-01 08:00:00,40.3104618375
X3,power_lines:X1,electricity,2005-07-01 09:00:00,34.119665
X3,power_lines:X1,electricity,2005-07-01 10:00:00,32.7548573525
X3,power_lines:X1,electricity,2005-07-01 11:00:00,31.6404615825
X3,power_lines:X1,electricity,2005-07-01 12:00:00,34.2991705
X3,power_lines:X1,electricity,2005-07-01 13:00:00,11.4995159225
X3,power_lines:X1,electricity,2005-07-01 14:00:00,12.2126203975
X3,power_lines:X1,electricity,2005-07-01 15:00:00,16.663371525
X3,power_lines:X1,electricity,2005-07-01 16:00:00,12.7499670125
X3,power_lines:X1,electricity,2005-07-01 17:00:00,13.332155445
X3,power_lines:X1,electricity,2005-07-01 18:00:00,18.076803495
X3,power_lines:X1,electricity,2005-07-01 19:00:00,19.90594728
X3,power_lines:X1,electricity,2005-07-01 20:00:00,18.76291208
X3,power_lines:X1,electricity,2005-07-01 21:00:00,18.76291208
X3,power_lines:X1,electricity,2005-07-01 22:00:00,18.76291208
X3,power_lines:X1,electricity,2005-07-01 23:00:00,18.76291208
X3,power_lines:X1,electricity,2005-07-02 00:00:00,18.76291208
X3,power_lines:X1,electricity,2005-07-02 01:00:00,18.76291208
X3,power_lines:X1,electricity,2005-07-02 02:00:00,18.76291208
X3,power_lines:X1,electricity,2005-07-02 03:00:00,18.76291208
X3,power_lines:X1,electricity,2005-07-02 04:00:00,18.76291208
X3,power_lines:X1,electricity,2005-07-02 05:00:00,16.3404121225
X3,power_lines:X1,electricity,2005-07-02 06:00:00,10.220411995
X3,power_lines:X1,electricity,2005-07-02 07:00:00,4.3129119525
X3,power_lines:X1,electricity,2005-07-02 08:00:00,0.0
X3,power_lines:X1,electricity,2005-07-02 09:00:00,0.0
X3,power_lines:X1,electricity,2005-07-02 10:00:00,0.0
X3,power_lines:X1,electricity,2005-07-02 11:00:00,0.0
X3,power_lines:X1,electricity,2005-07-02 12:00:00,0.0
X3,power_lines:X1,electricity,2005-07-02 13:00:00,0.0
X3,power_lines:X1,electricity,2005-07-02 14:00:00,1.5504120375
X3,power_lines:X1,electricity,2005-07-02 15:00:00,6.7144182625
X3,power_lines:X1,electricity,2005-07-02 16:00:00,11.11342436
X3,power_lines:X1,electricity,2005-07-02 17:00:00,14.385411995
X3,power_lines:X1,electricity,2005-07-02 18:00:00,16.9354121225
X3,power_lines:X1,electricity,2005-07-02 19:00:00,18.5079120375
X3,power_lines:X1,electricity,2005-07-02 20:00:00,18.76291208
X3,power_lines:X1,electricity,2005-07-02 21:00:00,18.76291208
X3,power_lines:X1,electricity,2005-07-02 22:00:00,18.76291208
X3,power_lines:X1,electricity,2005-07-02 23:00:00,18.76291208
X3,pv,electricity,2005-07-01 00:00:00,0.0
X3,pv,electricity,2005-07-01 01:00:00,0.0
X3,pv,electricity,2005-07-01 02:00:00,0.0
X3,pv,electricity,2005-07-01 03:00:00,0.0
X3,pv,electricity,2005-07-01 04:00:00,0.0
X3,pv,electricity,2005-07-01 05:00:00,2.3375000425
X3,pv,electricity,2005-07-01 06:00:00,8.6699999575
X3,pv,electricity,2005-07-01 07:00:00,16.5325001275
X3,pv,electricity,2005-07-01 08:00:00,23.3324998725
X3,pv,electricity,2005-07-01 09:00:00,28.56
X3,pv,electricity,2005-07-01 10:00:00,32.1724999575
X3,pv,electricity,2005-07-01 11:00:00,32.0025001275
X3,pv,electricity,2005-07-01 12:00:00,26.775
X3,pv,electricity,2005-07-01 13:00:00,21.1649999575
X3,pv,electricity,2005-07-01 14:00:00,19.1674998725
X3,pv,electricity,2005-07-01 15:00:00,15.087500085
X3,pv,electricity,2005-07-01 16:00:00,11.4750001275
X3,pv,electricity,2005-07-01 17:00:00,7.819999915
X3,pv,electricity,2005-07-01 18:00:00,2.890000085
X3,pv,electricity,2005-07-01 19:00:00,0.0
X3,pv,electricity,2005-07-01 20:00:00,0.0
X3,pv,electricity,2005-07-01 21:00:00,0.0
X3,pv,electricity,2005-07-01 22:00:00,0.0
X3,pv,electricity,2005-07-01 23:00:00,0.0
X3,pv,electricity,2005-07-02 00:00:00,0.0
X3,pv,electricity,2005-07-02 01:00:00,0.0
X3,pv,electricity,2005-07-02 02:00:00,0.0
X3,pv,electricity,2005-07-02 03:00:00,0.0
X3,pv,electricity,2005-07-02 04:00:00,0.0
X3,pv,electricity,2005-07-02 05:00:00,2.4224999575
X3,pv,electricity,2005-07-02 06:00:00,8.542500085
X3,pv,electricity,2005-07-02 07:00:00,14.4500001275
X3,pv,electricity,2005-07-02 08:00:00,20.2724999575
X3,pv,electricity,2005-07-02 09:00:00,26.8174999575
X3,pv,electricity,2005-07-02 10:00:00,32.0025001275
X3,pv,electricity,2005-07-02 11:00:00,33.107499915
X3,pv,electricity,2005-07-02 12:00:00,30.6000000425
X3,pv,electricity,2005-07-02 13:00:00,24.310000085
X3,pv,electricity,2005-07-02 14:00:00,17.2125000425
X3,pv,electricity,2005-07-02 15:00:00,12.2399999575
X3,pv,electricity,2005-07-02 16:00:00,8.0325
X3,pv,electricity,2005-07-02 17:00:00,4.377500085
X3,pv,electricity,2005-07-02 18:00:00,1.8274999575
X3,pv,electricity,2005-07-02 19:00:00,0.2550000425
X3,pv,electricity,2005-07-02 20:00:00,0.0
X3,pv,electricity,2005-07-02 21:00:00,0.0
X3,pv,electricity,2005-07-02 22:00:00,0.0
X3,pv,electricity,2005-07-02 23:00:00,0.0
X3,supply_gas,gas,2005-07-01 00:00:00,0.0
X3,supply_gas,gas,2005-07-01 01:00:00,0.0183529411764706
X3,supply_gas,gas,2005-07-01 02:00:00,0.0183529411764706
X3,supply_gas,gas,2005-07-01 03:00:00,0.0183529411764706
X3,supply_gas,gas,2005-07-01 04:00:00,0.0183529411764706
X3,supply_gas,gas,2005-07-01 05:00:00,0.0183529411764706
X3,supply_gas,gas,2005-07-01 06:00:00,0.0183529411764706
X3,supply_gas,gas,2005-07-01 07:00:00,0.0183529411764706
X3,supply_gas,gas,2005-07-01 08:00:00,0.0183529411764706
X3,supply_gas,gas,2005-07-01 09:00:00,0.0183529411764706
X3,supply_gas,gas,2005-07-01 10:00:00,0.0
X3,supply_gas,gas,2005-07-01 11:00:00,0.0
X3,supply_gas,gas,2005-07-01 12:00:00,0.0
X3,supply_gas,gas,2005-07-01 13:00:00,0.0
X3,supply_gas,gas,2005-07-01 14:00:00,0.0
X3,supply_gas,gas,2005-07-01 15:00:00,0.0
X3,supply_gas,gas,2005-07-01 16:00:00,0.0
X3,supply_gas,gas,2005-07-01 17:00:00,0.0
X3,supply_gas,gas,2005-07-01 18:00:00,0.0
X3,supply_gas,gas,2005-07-01 19:00:00,0.0
X3,supply_gas,gas,2005-07-01 20:00:00,0.0
X3,supply_gas,gas,2005-07-01 21:00:00,0.0183529411764706
X3,supply_gas,gas,2005-07-01 22:00:00,0.0183529411764706
X3,supply_gas,gas,2005-07-01 23:00:00,0.0183529411764706
X3,supply_gas,gas,2005-07-02 00:00:00,0.0
X3,supply_gas,gas,2005-07-02 01:00:00,0.0183529411764706
X3,supply_gas,gas,2005-07-02 02:00:00,0.0183529411764706
X3,supply_gas,gas,2005-07-02 03:00:00,0.0183529411764706
X3,supply_gas,gas,2005-07-02 04:00:00,0.0183529411764706
X3,supply_gas,gas,2005-07-02 05:00:00,0.0183529411764706
X3,supply_gas,gas,2005-07-02 06:00:00,0.0183529411764706
X3,supply_gas,gas,2005-07-02 07:00:00,0.0183529411764706
X3,supply_gas,gas,2005-07-02 08:00:00,0.0183529411764706
X3,supply_gas,gas,2005-07-02 09:00:00,0.0183529411764706
X3,supply_gas,gas,2005-07-02 10:00:00,0.0
X3,supply_gas,gas,2005-07-02 11:00:00,0.0
X3,supply_gas,gas,2005-07-02 12:00:00,0.0
X3,supply_gas,gas,2005-07-02 13:00:00,0.0
X3,supply_gas,gas,2005-07-02 14:00:00,0.0
X3,supply_gas,gas,2005-07-02 15:00:00,0.0
X3,supply_gas,gas,2005-07-02 16:00:00,0.0
X3,supply_gas,gas,2005-07-02 17:00:00,0.0
X3,supply_gas,gas,2005-07-02 18:00:00,0.0
X3,supply_gas,gas,2005-07-02 19:00:00,0.0
X3,supply_gas,gas,2005-07-02 20:00:00,0.0
X3,supply_gas,gas,2005-07-02 21:00:00,0.0183529411764706
X3,supply_gas,gas,2005-07-02 22:00:00,0.0183529411764706
X3,supply_gas,gas,2005-07-02 23:00:00,0.0183529411764706
